2026-03-21 20:21:10 - Starting PulsogymApplication using Java 17.0.12 with PID 2896 (C:\Users\gmand\OneDrive\Escritorio\PULSO(GYM)\pulsogym\ms-pulso\target\classes started by gmand in C:\Users\gmand\OneDrive\Escritorio\PULSO(GYM)\pulsogym\ms-pulso)
2026-03-21 20:21:10 - No active profile set, falling back to 1 default profile: "default"
2026-03-21 20:21:11 - Bootstrapping Spring Data JPA repositories in DEFAULT mode.
2026-03-21 20:21:11 - Finished Spring Data repository scanning in 51 ms. Found 4 JPA repository interfaces.
2026-03-21 20:21:11 - BeanFactory id=a45c7ade-1d97-303a-9cf1-a1954fcbacde
2026-03-21 20:21:11 - Tomcat initialized with port 8095 (http)
2026-03-21 20:21:11 - Initializing ProtocolHandler ["http-nio-8095"]
2026-03-21 20:21:11 - Starting service [Tomcat]
2026-03-21 20:21:11 - Starting Servlet engine: [Apache Tomcat/10.1.42]
2026-03-21 20:21:11 - Initializing Spring embedded WebApplicationContext
2026-03-21 20:21:11 - Root WebApplicationContext: initialization completed in 1315 ms
2026-03-21 20:21:11 - HHH000204: Processing PersistenceUnitInfo [name: default]
2026-03-21 20:21:12 - HHH000412: Hibernate ORM core version 6.6.18.Final
2026-03-21 20:21:12 - HHH000026: Second-level cache disabled
2026-03-21 20:21:12 - No LoadTimeWeaver setup: ignoring JPA class transformer
2026-03-21 20:21:12 - HikariPool-1 - Starting...
2026-03-21 20:21:12 - HikariPool-1 - Added connection org.mariadb.jdbc.Connection@d2cb2d0
2026-03-21 20:21:12 - HikariPool-1 - Start completed.
2026-03-21 20:21:12 - HHH90000025: MariaDBDialect does not need to be specified explicitly using 'hibernate.dialect' (remove the property setting and it will be selected by default)
2026-03-21 20:21:12 - HHH10001005: Database info:
	Database JDBC URL [Connecting through datasource 'HikariDataSource (HikariPool-1)']
	Database driver: undefined/unknown
	Database version: 11.5.2
	Autocommit mode: undefined/unknown
	Isolation level: undefined/unknown
	Minimum pool size: undefined/unknown
	Maximum pool size: undefined/unknown
2026-03-21 20:21:13 - HHH000489: No JTA platform available (set 'hibernate.transaction.jta.platform' to enable JTA platform integration)
2026-03-21 20:21:13 - Initialized JPA EntityManagerFactory for persistence unit 'default'
2026-03-21 20:21:13 - Hibernate is in classpath; If applicable, HQL parser will be used.
2026-03-21 20:21:14 - spring.jpa.open-in-view is enabled by default. Therefore, database queries may be performed during view rendering. Explicitly configure spring.jpa.open-in-view to disable this warning
2026-03-21 20:21:14 - Supporting [WS-Addressing August 2004, WS-Addressing 1.0]
2026-03-21 20:21:14 - Starting ProtocolHandler ["http-nio-8095"]
2026-03-21 20:21:15 - Tomcat started on port 8095 (http) with context path '/'
2026-03-21 20:21:15 - Started PulsogymApplication in 5.732 seconds (process running for 6.728)
2026-03-21 20:21:22 - Initializing Spring DispatcherServlet 'dispatcherServlet'
2026-03-21 20:21:22 - Initializing Servlet 'dispatcherServlet'
2026-03-21 20:21:22 - Completed initialization in 1 ms
2026-03-21 20:21:22 - Inicia registrar alumno PerfilAlumno(IdPerfilAlumno=null, idUsuario=null, idPerfilCoach=1, nombre=Juan, apellidop=cortes, apellidom=cruz, fechaNacimiento=1999-12-05, sexo=H, telefono=5572297492, correo=juan678@mail.com, frecuenciaEntrenamiento=1 a 2 dias, nivel=PRINCIPIANTE, fechaCreacion=null, fechaActualizacion=null, statusOnboarding=CREADO, objetivo=GANAR MASA MUSCULAR, activo=true)
2026-03-21 20:21:22 - Enviando usuario UsuarioRequest(correo=juan678@mail.com, contrasenia=null, rol=ALUMNO, activo=true)
2026-03-21 20:21:23 - recibiendo usaurio <200 OK OK,ResponseGenerico(data={id=46, correo=juan678@mail.com, rol=ALUMNO}, mensaje=Dato insertado correctamente, codigo=200, codigoError=null),[content-type:"application/json", date:"Sun, 22 Mar 2026 02:21:23 GMT", transfer-encoding:"chunked", vary:"Access-Control-Request-Headers", "Access-Control-Request-Method", "Origin"]>
2026-03-21 20:21:23 - Error al cargar el archivo de propiedades
java.io.FileNotFoundException: config.properties (El sistema no puede encontrar el archivo especificado)
	at java.base/java.io.FileInputStream.open0(Native Method)
	at java.base/java.io.FileInputStream.open(FileInputStream.java:216)
	at java.base/java.io.FileInputStream.<init>(FileInputStream.java:157)
	at java.base/java.io.FileInputStream.<init>(FileInputStream.java:111)
	at com.gmr.libs.CorreoService.loadProperties(CorreoService.java:116)
	at com.gmr.libs.CorreoService.sendEmail(CorreoService.java:39)
	at mx.com.gmr.pulsogym.service.PerfilAlumnoService.registrarAlumno(PerfilAlumnoService.java:155)
	at mx.com.gmr.pulsogym.controller.PerfilAlumnoController.registrar(PerfilAlumnoController.java:42)
	at java.base/jdk.internal.reflect.NativeMethodAccessorImpl.invoke0(Native Method)
	at java.base/jdk.internal.reflect.NativeMethodAccessorImpl.invoke(NativeMethodAccessorImpl.java:77)
	at java.base/jdk.internal.reflect.DelegatingMethodAccessorImpl.invoke(DelegatingMethodAccessorImpl.java:43)
	at java.base/java.lang.reflect.Method.invoke(Method.java:568)
	at org.springframework.web.method.support.InvocableHandlerMethod.doInvoke(InvocableHandlerMethod.java:258)
	at org.springframework.web.method.support.InvocableHandlerMethod.invokeForRequest(InvocableHandlerMethod.java:191)
	at org.springframework.web.servlet.mvc.method.annotation.ServletInvocableHandlerMethod.invokeAndHandle(ServletInvocableHandlerMethod.java:118)
	at org.springframework.web.servlet.mvc.method.annotation.RequestMappingHandlerAdapter.invokeHandlerMethod(RequestMappingHandlerAdapter.java:986)
	at org.springframework.web.servlet.mvc.method.annotation.RequestMappingHandlerAdapter.handleInternal(RequestMappingHandlerAdapter.java:891)
	at org.springframework.web.servlet.mvc.method.AbstractHandlerMethodAdapter.handle(AbstractHandlerMethodAdapter.java:87)
	at org.springframework.web.servlet.DispatcherServlet.doDispatch(DispatcherServlet.java:1089)
	at org.springframework.web.servlet.DispatcherServlet.doService(DispatcherServlet.java:979)
	at org.springframework.web.servlet.FrameworkServlet.processRequest(FrameworkServlet.java:1014)
	at org.springframework.web.servlet.FrameworkServlet.doPost(FrameworkServlet.java:914)
	at jakarta.servlet.http.HttpServlet.service(HttpServlet.java:590)
	at org.springframework.web.servlet.FrameworkServlet.service(FrameworkServlet.java:885)
	at jakarta.servlet.http.HttpServlet.service(HttpServlet.java:658)
	at org.apache.catalina.core.ApplicationFilterChain.internalDoFilter(ApplicationFilterChain.java:195)
	at org.apache.catalina.core.ApplicationFilterChain.doFilter(ApplicationFilterChain.java:140)
	at org.apache.tomcat.websocket.server.WsFilter.doFilter(WsFilter.java:51)
	at org.apache.catalina.core.ApplicationFilterChain.internalDoFilter(ApplicationFilterChain.java:164)
	at org.apache.catalina.core.ApplicationFilterChain.doFilter(ApplicationFilterChain.java:140)
	at org.springframework.web.filter.RequestContextFilter.doFilterInternal(RequestContextFilter.java:100)
	at org.springframework.web.filter.OncePerRequestFilter.doFilter(OncePerRequestFilter.java:116)
	at org.apache.catalina.core.ApplicationFilterChain.internalDoFilter(ApplicationFilterChain.java:164)
	at org.apache.catalina.core.ApplicationFilterChain.doFilter(ApplicationFilterChain.java:140)
	at org.springframework.web.filter.FormContentFilter.doFilterInternal(FormContentFilter.java:93)
	at org.springframework.web.filter.OncePerRequestFilter.doFilter(OncePerRequestFilter.java:116)
	at org.apache.catalina.core.ApplicationFilterChain.internalDoFilter(ApplicationFilterChain.java:164)
	at org.apache.catalina.core.ApplicationFilterChain.doFilter(ApplicationFilterChain.java:140)
	at org.springframework.web.filter.CharacterEncodingFilter.doFilterInternal(CharacterEncodingFilter.java:201)
	at org.springframework.web.filter.OncePerRequestFilter.doFilter(OncePerRequestFilter.java:116)
	at org.apache.catalina.core.ApplicationFilterChain.internalDoFilter(ApplicationFilterChain.java:164)
	at org.apache.catalina.core.ApplicationFilterChain.doFilter(ApplicationFilterChain.java:140)
	at org.apache.catalina.core.StandardWrapperValve.invoke(StandardWrapperValve.java:167)
	at org.apache.catalina.core.StandardContextValve.invoke(StandardContextValve.java:90)
	at org.apache.catalina.authenticator.AuthenticatorBase.invoke(AuthenticatorBase.java:483)
	at org.apache.catalina.core.StandardHostValve.invoke(StandardHostValve.java:116)
	at org.apache.catalina.valves.ErrorReportValve.invoke(ErrorReportValve.java:93)
	at org.apache.catalina.core.StandardEngineValve.invoke(StandardEngineValve.java:74)
	at org.apache.catalina.connector.CoyoteAdapter.service(CoyoteAdapter.java:344)
	at org.apache.coyote.http11.Http11Processor.service(Http11Processor.java:398)
	at org.apache.coyote.AbstractProcessorLight.process(AbstractProcessorLight.java:63)
	at org.apache.coyote.AbstractProtocol$ConnectionHandler.process(AbstractProtocol.java:903)
	at org.apache.tomcat.util.net.NioEndpoint$SocketProcessor.doRun(NioEndpoint.java:1769)
	at org.apache.tomcat.util.net.SocketProcessorBase.run(SocketProcessorBase.java:52)
	at org.apache.tomcat.util.threads.ThreadPoolExecutor.runWorker(ThreadPoolExecutor.java:1189)
	at org.apache.tomcat.util.threads.ThreadPoolExecutor$Worker.run(ThreadPoolExecutor.java:658)
	at org.apache.tomcat.util.threads.TaskThread$WrappingRunnable.run(TaskThread.java:63)
	at java.base/java.lang.Thread.run(Thread.java:842)
2026-03-21 20:21:23 - SMTP Server Host: smtp.gmail.com
2026-03-21 20:21:23 - SMTP Server Port: 587
2026-03-21 20:24:26 - Application shutdown requested.
2026-03-21 20:24:26 - Commencing graceful shutdown. Waiting for active requests to complete
2026-03-21 20:24:26 - Pausing ProtocolHandler ["http-nio-8095"]
2026-03-21 20:24:27 - Graceful shutdown complete
2026-03-21 20:24:27 - Stopping ProtocolHandler ["http-nio-8095"]
2026-03-21 20:24:27 - Closing JPA EntityManagerFactory for persistence unit 'default'
2026-03-21 20:24:27 - HikariPool-1 - Shutdown initiated...
2026-03-21 20:24:27 - HikariPool-1 - Shutdown completed.
2026-03-21 20:24:30 - Starting PulsogymApplication using Java 17.0.12 with PID 21320 (C:\Users\gmand\OneDrive\Escritorio\PULSO(GYM)\pulsogym\ms-pulso\target\classes started by gmand in C:\Users\gmand\OneDrive\Escritorio\PULSO(GYM)\pulsogym\ms-pulso)
2026-03-21 20:24:30 - No active profile set, falling back to 1 default profile: "default"
2026-03-21 20:24:31 - Bootstrapping Spring Data JPA repositories in DEFAULT mode.
2026-03-21 20:24:31 - Finished Spring Data repository scanning in 73 ms. Found 4 JPA repository interfaces.
2026-03-21 20:24:31 - BeanFactory id=a45c7ade-1d97-303a-9cf1-a1954fcbacde
2026-03-21 20:24:32 - Tomcat initialized with port 8095 (http)
2026-03-21 20:24:32 - Initializing ProtocolHandler ["http-nio-8095"]
2026-03-21 20:24:32 - Starting service [Tomcat]
2026-03-21 20:24:32 - Starting Servlet engine: [Apache Tomcat/10.1.42]
2026-03-21 20:24:32 - Initializing Spring embedded WebApplicationContext
2026-03-21 20:24:32 - Root WebApplicationContext: initialization completed in 1436 ms
2026-03-21 20:24:32 - HHH000204: Processing PersistenceUnitInfo [name: default]
2026-03-21 20:24:32 - HHH000412: Hibernate ORM core version 6.6.18.Final
2026-03-21 20:24:32 - HHH000026: Second-level cache disabled
2026-03-21 20:24:32 - No LoadTimeWeaver setup: ignoring JPA class transformer
2026-03-21 20:24:32 - HikariPool-1 - Starting...
2026-03-21 20:24:32 - HikariPool-1 - Added connection org.mariadb.jdbc.Connection@5a2f401a
2026-03-21 20:24:32 - HikariPool-1 - Start completed.
2026-03-21 20:24:32 - HHH90000025: MariaDBDialect does not need to be specified explicitly using 'hibernate.dialect' (remove the property setting and it will be selected by default)
2026-03-21 20:24:32 - HHH10001005: Database info:
	Database JDBC URL [Connecting through datasource 'HikariDataSource (HikariPool-1)']
	Database driver: undefined/unknown
	Database version: 11.5.2
	Autocommit mode: undefined/unknown
	Isolation level: undefined/unknown
	Minimum pool size: undefined/unknown
	Maximum pool size: undefined/unknown
2026-03-21 20:24:33 - HHH000489: No JTA platform available (set 'hibernate.transaction.jta.platform' to enable JTA platform integration)
2026-03-21 20:24:33 - Initialized JPA EntityManagerFactory for persistence unit 'default'
2026-03-21 20:24:33 - Hibernate is in classpath; If applicable, HQL parser will be used.
2026-03-21 20:24:34 - spring.jpa.open-in-view is enabled by default. Therefore, database queries may be performed during view rendering. Explicitly configure spring.jpa.open-in-view to disable this warning
2026-03-21 20:24:34 - Supporting [WS-Addressing August 2004, WS-Addressing 1.0]
2026-03-21 20:24:35 - Starting ProtocolHandler ["http-nio-8095"]
2026-03-21 20:24:35 - Tomcat started on port 8095 (http) with context path '/'
2026-03-21 20:24:35 - Started PulsogymApplication in 5.752 seconds (process running for 6.79)
2026-03-21 20:24:42 - Initializing Spring DispatcherServlet 'dispatcherServlet'
2026-03-21 20:24:42 - Initializing Servlet 'dispatcherServlet'
2026-03-21 20:24:42 - Completed initialization in 1 ms
2026-03-21 20:24:42 - Inicia registrar alumno PerfilAlumno(IdPerfilAlumno=null, idUsuario=null, idPerfilCoach=1, nombre=Juan, apellidop=cortes, apellidom=cruz, fechaNacimiento=1999-12-05, sexo=H, telefono=5572297492, correo=juan678@mail.com, frecuenciaEntrenamiento=1 a 2 dias, nivel=PRINCIPIANTE, fechaCreacion=null, fechaActualizacion=null, statusOnboarding=CREADO, objetivo=GANAR MASA MUSCULAR, activo=true)
2026-03-21 20:24:42 - Enviando usuario UsuarioRequest(correo=juan678@mail.com, contrasenia=null, rol=ALUMNO, activo=true)
2026-03-21 20:24:42 - recibiendo usaurio <200 OK OK,ResponseGenerico(data=null, mensaje=Ocurrio un error al insertar dato, codigo=500, codigoError=438bd36e-6d84-4983-bf4e-6f4e9080a22e),[content-type:"application/json", date:"Sun, 22 Mar 2026 02:24:42 GMT", transfer-encoding:"chunked", vary:"Access-Control-Request-Headers", "Access-Control-Request-Method", "Origin"]>
2026-03-21 20:24:51 - Inicia registrar alumno PerfilAlumno(IdPerfilAlumno=null, idUsuario=null, idPerfilCoach=1, nombre=Juan, apellidop=cortes, apellidom=cruz, fechaNacimiento=1999-12-05, sexo=H, telefono=5572297492, correo=juan6111@mail.com, frecuenciaEntrenamiento=1 a 2 dias, nivel=PRINCIPIANTE, fechaCreacion=null, fechaActualizacion=null, statusOnboarding=CREADO, objetivo=GANAR MASA MUSCULAR, activo=true)
2026-03-21 20:24:51 - Enviando usuario UsuarioRequest(correo=juan6111@mail.com, contrasenia=null, rol=ALUMNO, activo=true)
2026-03-21 20:24:51 - recibiendo usaurio <200 OK OK,ResponseGenerico(data={id=48, correo=juan6111@mail.com, rol=ALUMNO}, mensaje=Dato insertado correctamente, codigo=200, codigoError=null),[content-type:"application/json", date:"Sun, 22 Mar 2026 02:24:51 GMT", transfer-encoding:"chunked", vary:"Access-Control-Request-Headers", "Access-Control-Request-Method", "Origin"]>
2026-03-21 20:24:52 - Error al cargar el archivo de propiedades
java.io.FileNotFoundException: config.properties (El sistema no puede encontrar el archivo especificado)
	at java.base/java.io.FileInputStream.open0(Native Method)
	at java.base/java.io.FileInputStream.open(FileInputStream.java:216)
	at java.base/java.io.FileInputStream.<init>(FileInputStream.java:157)
	at java.base/java.io.FileInputStream.<init>(FileInputStream.java:111)
	at com.gmr.libs.CorreoService.loadProperties(CorreoService.java:116)
	at com.gmr.libs.CorreoService.sendEmail(CorreoService.java:39)
	at mx.com.gmr.pulsogym.service.PerfilAlumnoService.registrarAlumno(PerfilAlumnoService.java:155)
	at mx.com.gmr.pulsogym.controller.PerfilAlumnoController.registrar(PerfilAlumnoController.java:42)
	at java.base/jdk.internal.reflect.NativeMethodAccessorImpl.invoke0(Native Method)
	at java.base/jdk.internal.reflect.NativeMethodAccessorImpl.invoke(NativeMethodAccessorImpl.java:77)
	at java.base/jdk.internal.reflect.DelegatingMethodAccessorImpl.invoke(DelegatingMethodAccessorImpl.java:43)
	at java.base/java.lang.reflect.Method.invoke(Method.java:568)
	at org.springframework.web.method.support.InvocableHandlerMethod.doInvoke(InvocableHandlerMethod.java:258)
	at org.springframework.web.method.support.InvocableHandlerMethod.invokeForRequest(InvocableHandlerMethod.java:191)
	at org.springframework.web.servlet.mvc.method.annotation.ServletInvocableHandlerMethod.invokeAndHandle(ServletInvocableHandlerMethod.java:118)
	at org.springframework.web.servlet.mvc.method.annotation.RequestMappingHandlerAdapter.invokeHandlerMethod(RequestMappingHandlerAdapter.java:986)
	at org.springframework.web.servlet.mvc.method.annotation.RequestMappingHandlerAdapter.handleInternal(RequestMappingHandlerAdapter.java:891)
	at org.springframework.web.servlet.mvc.method.AbstractHandlerMethodAdapter.handle(AbstractHandlerMethodAdapter.java:87)
	at org.springframework.web.servlet.DispatcherServlet.doDispatch(DispatcherServlet.java:1089)
	at org.springframework.web.servlet.DispatcherServlet.doService(DispatcherServlet.java:979)
	at org.springframework.web.servlet.FrameworkServlet.processRequest(FrameworkServlet.java:1014)
	at org.springframework.web.servlet.FrameworkServlet.doPost(FrameworkServlet.java:914)
	at jakarta.servlet.http.HttpServlet.service(HttpServlet.java:590)
	at org.springframework.web.servlet.FrameworkServlet.service(FrameworkServlet.java:885)
	at jakarta.servlet.http.HttpServlet.service(HttpServlet.java:658)
	at org.apache.catalina.core.ApplicationFilterChain.internalDoFilter(ApplicationFilterChain.java:195)
	at org.apache.catalina.core.ApplicationFilterChain.doFilter(ApplicationFilterChain.java:140)
	at org.apache.tomcat.websocket.server.WsFilter.doFilter(WsFilter.java:51)
	at org.apache.catalina.core.ApplicationFilterChain.internalDoFilter(ApplicationFilterChain.java:164)
	at org.apache.catalina.core.ApplicationFilterChain.doFilter(ApplicationFilterChain.java:140)
	at org.springframework.web.filter.RequestContextFilter.doFilterInternal(RequestContextFilter.java:100)
	at org.springframework.web.filter.OncePerRequestFilter.doFilter(OncePerRequestFilter.java:116)
	at org.apache.catalina.core.ApplicationFilterChain.internalDoFilter(ApplicationFilterChain.java:164)
	at org.apache.catalina.core.ApplicationFilterChain.doFilter(ApplicationFilterChain.java:140)
	at org.springframework.web.filter.FormContentFilter.doFilterInternal(FormContentFilter.java:93)
	at org.springframework.web.filter.OncePerRequestFilter.doFilter(OncePerRequestFilter.java:116)
	at org.apache.catalina.core.ApplicationFilterChain.internalDoFilter(ApplicationFilterChain.java:164)
	at org.apache.catalina.core.ApplicationFilterChain.doFilter(ApplicationFilterChain.java:140)
	at org.springframework.web.filter.CharacterEncodingFilter.doFilterInternal(CharacterEncodingFilter.java:201)
	at org.springframework.web.filter.OncePerRequestFilter.doFilter(OncePerRequestFilter.java:116)
	at org.apache.catalina.core.ApplicationFilterChain.internalDoFilter(ApplicationFilterChain.java:164)
	at org.apache.catalina.core.ApplicationFilterChain.doFilter(ApplicationFilterChain.java:140)
	at org.apache.catalina.core.StandardWrapperValve.invoke(StandardWrapperValve.java:167)
	at org.apache.catalina.core.StandardContextValve.invoke(StandardContextValve.java:90)
	at org.apache.catalina.authenticator.AuthenticatorBase.invoke(AuthenticatorBase.java:483)
	at org.apache.catalina.core.StandardHostValve.invoke(StandardHostValve.java:116)
	at org.apache.catalina.valves.ErrorReportValve.invoke(ErrorReportValve.java:93)
	at org.apache.catalina.core.StandardEngineValve.invoke(StandardEngineValve.java:74)
	at org.apache.catalina.connector.CoyoteAdapter.service(CoyoteAdapter.java:344)
	at org.apache.coyote.http11.Http11Processor.service(Http11Processor.java:398)
	at org.apache.coyote.AbstractProcessorLight.process(AbstractProcessorLight.java:63)
	at org.apache.coyote.AbstractProtocol$ConnectionHandler.process(AbstractProtocol.java:903)
	at org.apache.tomcat.util.net.NioEndpoint$SocketProcessor.doRun(NioEndpoint.java:1769)
	at org.apache.tomcat.util.net.SocketProcessorBase.run(SocketProcessorBase.java:52)
	at org.apache.tomcat.util.threads.ThreadPoolExecutor.runWorker(ThreadPoolExecutor.java:1189)
	at org.apache.tomcat.util.threads.ThreadPoolExecutor$Worker.run(ThreadPoolExecutor.java:658)
	at org.apache.tomcat.util.threads.TaskThread$WrappingRunnable.run(TaskThread.java:63)
	at java.base/java.lang.Thread.run(Thread.java:842)
2026-03-21 20:24:52 - SMTP Server Host: smtp.gmail.com
2026-03-21 20:24:52 - SMTP Server Port: 587
2026-03-21 20:39:01 - Could not detect default configuration classes for test class [com.gmr.pulsogym.PulsogymApplicationTests]: PulsogymApplicationTests does not declare any static, non-private, non-final, nested classes annotated with @Configuration.
2026-03-21 20:39:24 - Application shutdown requested.
2026-03-21 20:39:24 - Commencing graceful shutdown. Waiting for active requests to complete
2026-03-21 20:39:24 - Pausing ProtocolHandler ["http-nio-8095"]
2026-03-21 20:39:24 - Graceful shutdown complete
2026-03-21 20:39:24 - Stopping ProtocolHandler ["http-nio-8095"]
2026-03-21 20:39:24 - Closing JPA EntityManagerFactory for persistence unit 'default'
2026-03-21 20:39:24 - HikariPool-1 - Shutdown initiated...
2026-03-21 20:39:24 - HikariPool-1 - Shutdown completed.
2026-03-21 20:39:28 - Starting PulsogymApplication using Java 17.0.12 with PID 22840 (C:\Users\gmand\OneDrive\Escritorio\PULSO(GYM)\pulsogym\ms-pulso\target\classes started by gmand in C:\Users\gmand\OneDrive\Escritorio\PULSO(GYM)\pulsogym\ms-pulso)
2026-03-21 20:39:28 - No active profile set, falling back to 1 default profile: "default"
2026-03-21 20:39:29 - Bootstrapping Spring Data JPA repositories in DEFAULT mode.
2026-03-21 20:39:29 - Finished Spring Data repository scanning in 51 ms. Found 4 JPA repository interfaces.
2026-03-21 20:39:29 - BeanFactory id=a45c7ade-1d97-303a-9cf1-a1954fcbacde
2026-03-21 20:39:29 - Tomcat initialized with port 8095 (http)
2026-03-21 20:39:29 - Initializing ProtocolHandler ["http-nio-8095"]
2026-03-21 20:39:29 - Starting service [Tomcat]
2026-03-21 20:39:29 - Starting Servlet engine: [Apache Tomcat/10.1.42]
2026-03-21 20:39:29 - Initializing Spring embedded WebApplicationContext
2026-03-21 20:39:29 - Root WebApplicationContext: initialization completed in 1492 ms
2026-03-21 20:39:29 - HHH000204: Processing PersistenceUnitInfo [name: default]
2026-03-21 20:39:30 - HHH000412: Hibernate ORM core version 6.6.18.Final
2026-03-21 20:39:30 - HHH000026: Second-level cache disabled
2026-03-21 20:39:30 - No LoadTimeWeaver setup: ignoring JPA class transformer
2026-03-21 20:39:30 - HikariPool-1 - Starting...
2026-03-21 20:39:30 - HikariPool-1 - Added connection org.mariadb.jdbc.Connection@5a2f401a
2026-03-21 20:39:30 - HikariPool-1 - Start completed.
2026-03-21 20:39:30 - HHH90000025: MariaDBDialect does not need to be specified explicitly using 'hibernate.dialect' (remove the property setting and it will be selected by default)
2026-03-21 20:39:30 - HHH10001005: Database info:
	Database JDBC URL [Connecting through datasource 'HikariDataSource (HikariPool-1)']
	Database driver: undefined/unknown
	Database version: 11.5.2
	Autocommit mode: undefined/unknown
	Isolation level: undefined/unknown
	Minimum pool size: undefined/unknown
	Maximum pool size: undefined/unknown
2026-03-21 20:39:31 - HHH000489: No JTA platform available (set 'hibernate.transaction.jta.platform' to enable JTA platform integration)
2026-03-21 20:39:31 - Initialized JPA EntityManagerFactory for persistence unit 'default'
2026-03-21 20:39:31 - Hibernate is in classpath; If applicable, HQL parser will be used.
2026-03-21 20:39:32 - spring.jpa.open-in-view is enabled by default. Therefore, database queries may be performed during view rendering. Explicitly configure spring.jpa.open-in-view to disable this warning
2026-03-21 20:39:32 - Supporting [WS-Addressing August 2004, WS-Addressing 1.0]
2026-03-21 20:39:33 - Starting ProtocolHandler ["http-nio-8095"]
2026-03-21 20:39:33 - Tomcat started on port 8095 (http) with context path '/'
2026-03-21 20:39:33 - Started PulsogymApplication in 5.904 seconds (process running for 6.944)
2026-03-21 20:39:36 - Initializing Spring DispatcherServlet 'dispatcherServlet'
2026-03-21 20:39:36 - Initializing Servlet 'dispatcherServlet'
2026-03-21 20:39:36 - Completed initialization in 1 ms
2026-03-21 20:39:36 - Inicia registrar alumno PerfilAlumno(IdPerfilAlumno=null, idUsuario=null, idPerfilCoach=1, nombre=Juan, apellidop=cortes, apellidom=cruz, fechaNacimiento=1999-12-05, sexo=H, telefono=5572297492, correo=juan678@mail.com, frecuenciaEntrenamiento=1 a 2 dias, nivel=PRINCIPIANTE, fechaCreacion=null, fechaActualizacion=null, statusOnboarding=CREADO, objetivo=GANAR MASA MUSCULAR, activo=true)
2026-03-21 20:39:36 - Enviando usuario UsuarioRequest(correo=juan678@mail.com, contrasenia=null, rol=ALUMNO, activo=true)
2026-03-21 20:39:36 - recibiendo usaurio <200 OK OK,ResponseGenerico(data=null, mensaje=Ocurrio un error al insertar dato, codigo=500, codigoError=d336e997-797c-4c8f-807c-6069706ee1e3),[content-type:"application/json", date:"Sun, 22 Mar 2026 02:39:36 GMT", transfer-encoding:"chunked", vary:"Access-Control-Request-Headers", "Access-Control-Request-Method", "Origin"]>
2026-03-21 20:39:42 - Inicia registrar alumno PerfilAlumno(IdPerfilAlumno=null, idUsuario=null, idPerfilCoach=1, nombre=Juan, apellidop=cortes, apellidom=cruz, fechaNacimiento=1999-12-05, sexo=H, telefono=5572297492, correo=juan67a8@mail.com, frecuenciaEntrenamiento=1 a 2 dias, nivel=PRINCIPIANTE, fechaCreacion=null, fechaActualizacion=null, statusOnboarding=CREADO, objetivo=GANAR MASA MUSCULAR, activo=true)
2026-03-21 20:39:42 - Enviando usuario UsuarioRequest(correo=juan67a8@mail.com, contrasenia=null, rol=ALUMNO, activo=true)
2026-03-21 20:39:43 - recibiendo usaurio <200 OK OK,ResponseGenerico(data={id=50, correo=juan67a8@mail.com, rol=ALUMNO}, mensaje=Dato insertado correctamente, codigo=200, codigoError=null),[content-type:"application/json", date:"Sun, 22 Mar 2026 02:39:43 GMT", transfer-encoding:"chunked", vary:"Access-Control-Request-Headers", "Access-Control-Request-Method", "Origin"]>
2026-03-21 20:40:24 - Inicia registrar alumno PerfilAlumno(IdPerfilAlumno=null, idUsuario=null, idPerfilCoach=1, nombre=Juan, apellidop=cortes, apellidom=cruz, fechaNacimiento=1999-12-05, sexo=H, telefono=5572297492, correo=juanx67a8@mail.com, frecuenciaEntrenamiento=1 a 2 dias, nivel=PRINCIPIANTE, fechaCreacion=null, fechaActualizacion=null, statusOnboarding=CREADO, objetivo=GANAR MASA MUSCULAR, activo=true)
2026-03-21 20:40:24 - Enviando usuario UsuarioRequest(correo=juanx67a8@mail.com, contrasenia=null, rol=ALUMNO, activo=true)
2026-03-21 20:40:24 - recibiendo usaurio <200 OK OK,ResponseGenerico(data={id=51, correo=juanx67a8@mail.com, rol=ALUMNO}, mensaje=Dato insertado correctamente, codigo=200, codigoError=null),[content-type:"application/json", date:"Sun, 22 Mar 2026 02:40:24 GMT", transfer-encoding:"chunked", vary:"Access-Control-Request-Headers", "Access-Control-Request-Method", "Origin"]>
2026-03-21 20:40:55 - Application shutdown requested.
2026-03-21 20:40:55 - Commencing graceful shutdown. Waiting for active requests to complete
2026-03-21 20:40:55 - Pausing ProtocolHandler ["http-nio-8095"]
2026-03-21 20:40:55 - Graceful shutdown complete
2026-03-21 20:40:55 - Stopping ProtocolHandler ["http-nio-8095"]
2026-03-21 20:40:55 - Closing JPA EntityManagerFactory for persistence unit 'default'
2026-03-21 20:40:55 - HikariPool-1 - Shutdown initiated...
2026-03-21 20:40:55 - HikariPool-1 - Shutdown completed.
2026-03-21 20:40:58 - Starting PulsogymApplication using Java 17.0.12 with PID 19912 (C:\Users\gmand\OneDrive\Escritorio\PULSO(GYM)\pulsogym\ms-pulso\target\classes started by gmand in C:\Users\gmand\OneDrive\Escritorio\PULSO(GYM)\pulsogym\ms-pulso)
2026-03-21 20:40:58 - No active profile set, falling back to 1 default profile: "default"
2026-03-21 20:40:59 - Bootstrapping Spring Data JPA repositories in DEFAULT mode.
2026-03-21 20:40:59 - Finished Spring Data repository scanning in 55 ms. Found 4 JPA repository interfaces.
2026-03-21 20:40:59 - BeanFactory id=a45c7ade-1d97-303a-9cf1-a1954fcbacde
2026-03-21 20:40:59 - Tomcat initialized with port 8095 (http)
2026-03-21 20:40:59 - Initializing ProtocolHandler ["http-nio-8095"]
2026-03-21 20:40:59 - Starting service [Tomcat]
2026-03-21 20:40:59 - Starting Servlet engine: [Apache Tomcat/10.1.42]
2026-03-21 20:40:59 - Initializing Spring embedded WebApplicationContext
2026-03-21 20:40:59 - Root WebApplicationContext: initialization completed in 1369 ms
2026-03-21 20:41:00 - HHH000204: Processing PersistenceUnitInfo [name: default]
2026-03-21 20:41:00 - HHH000412: Hibernate ORM core version 6.6.18.Final
2026-03-21 20:41:00 - HHH000026: Second-level cache disabled
2026-03-21 20:41:00 - No LoadTimeWeaver setup: ignoring JPA class transformer
2026-03-21 20:41:00 - HikariPool-1 - Starting...
2026-03-21 20:41:00 - HikariPool-1 - Added connection org.mariadb.jdbc.Connection@7a7f9d45
2026-03-21 20:41:00 - HikariPool-1 - Start completed.
2026-03-21 20:41:00 - HHH90000025: MariaDBDialect does not need to be specified explicitly using 'hibernate.dialect' (remove the property setting and it will be selected by default)
2026-03-21 20:41:00 - HHH10001005: Database info:
	Database JDBC URL [Connecting through datasource 'HikariDataSource (HikariPool-1)']
	Database driver: undefined/unknown
	Database version: 11.5.2
	Autocommit mode: undefined/unknown
	Isolation level: undefined/unknown
	Minimum pool size: undefined/unknown
	Maximum pool size: undefined/unknown
2026-03-21 20:41:01 - HHH000489: No JTA platform available (set 'hibernate.transaction.jta.platform' to enable JTA platform integration)
2026-03-21 20:41:01 - Initialized JPA EntityManagerFactory for persistence unit 'default'
2026-03-21 20:41:01 - Hibernate is in classpath; If applicable, HQL parser will be used.
2026-03-21 20:41:02 - spring.jpa.open-in-view is enabled by default. Therefore, database queries may be performed during view rendering. Explicitly configure spring.jpa.open-in-view to disable this warning
2026-03-21 20:41:03 - Supporting [WS-Addressing August 2004, WS-Addressing 1.0]
2026-03-21 20:41:03 - Starting ProtocolHandler ["http-nio-8095"]
2026-03-21 20:41:03 - Tomcat started on port 8095 (http) with context path '/'
2026-03-21 20:41:04 - Started PulsogymApplication in 6.681 seconds (process running for 7.697)
2026-03-21 20:41:34 - Initializing Spring DispatcherServlet 'dispatcherServlet'
2026-03-21 20:41:34 - Initializing Servlet 'dispatcherServlet'
2026-03-21 20:41:34 - Completed initialization in 2 ms
2026-03-21 20:41:34 - Inicia registrar alumno PerfilAlumno(IdPerfilAlumno=null, idUsuario=null, idPerfilCoach=1, nombre=Juan, apellidop=cortes, apellidom=cruz, fechaNacimiento=1999-12-05, sexo=H, telefono=5572297492, correo=juanx6x7a8@mail.com, frecuenciaEntrenamiento=1 a 2 dias, nivel=PRINCIPIANTE, fechaCreacion=null, fechaActualizacion=null, statusOnboarding=CREADO, objetivo=GANAR MASA MUSCULAR, activo=true)
2026-03-21 20:41:34 - Enviando usuario UsuarioRequest(correo=juanx6x7a8@mail.com, contrasenia=null, rol=ALUMNO, activo=true)
2026-03-21 20:41:34 - recibiendo usaurio <200 OK OK,ResponseGenerico(data={id=52, correo=juanx6x7a8@mail.com, rol=ALUMNO}, mensaje=Dato insertado correctamente, codigo=200, codigoError=null),[content-type:"application/json", date:"Sun, 22 Mar 2026 02:41:34 GMT", transfer-encoding:"chunked", vary:"Access-Control-Request-Headers", "Access-Control-Request-Method", "Origin"]>
2026-03-21 20:41:35 - SMTP Server Host: smtp.gmail.com
2026-03-21 20:41:35 - SMTP Server Port: 587
2026-03-21 20:42:39 - Application shutdown requested.
2026-03-21 20:42:39 - Commencing graceful shutdown. Waiting for active requests to complete
2026-03-21 20:42:39 - Pausing ProtocolHandler ["http-nio-8095"]
2026-03-21 20:42:39 - Graceful shutdown complete
2026-03-21 20:42:39 - Stopping ProtocolHandler ["http-nio-8095"]
2026-03-21 20:42:39 - Closing JPA EntityManagerFactory for persistence unit 'default'
2026-03-21 20:42:39 - HikariPool-1 - Shutdown initiated...
2026-03-21 20:42:39 - HikariPool-1 - Shutdown completed.
2026-03-21 20:42:43 - Starting PulsogymApplication using Java 17.0.12 with PID 20664 (C:\Users\gmand\OneDrive\Escritorio\PULSO(GYM)\pulsogym\ms-pulso\target\classes started by gmand in C:\Users\gmand\OneDrive\Escritorio\PULSO(GYM)\pulsogym\ms-pulso)
2026-03-21 20:42:43 - No active profile set, falling back to 1 default profile: "default"
2026-03-21 20:42:43 - Bootstrapping Spring Data JPA repositories in DEFAULT mode.
2026-03-21 20:42:43 - Finished Spring Data repository scanning in 54 ms. Found 4 JPA repository interfaces.
2026-03-21 20:42:44 - BeanFactory id=a45c7ade-1d97-303a-9cf1-a1954fcbacde
2026-03-21 20:42:44 - Tomcat initialized with port 8095 (http)
2026-03-21 20:42:44 - Initializing ProtocolHandler ["http-nio-8095"]
2026-03-21 20:42:44 - Starting service [Tomcat]
2026-03-21 20:42:44 - Starting Servlet engine: [Apache Tomcat/10.1.42]
2026-03-21 20:42:44 - Initializing Spring embedded WebApplicationContext
2026-03-21 20:42:44 - Root WebApplicationContext: initialization completed in 1418 ms
2026-03-21 20:42:44 - HHH000204: Processing PersistenceUnitInfo [name: default]
2026-03-21 20:42:44 - HHH000412: Hibernate ORM core version 6.6.18.Final
2026-03-21 20:42:44 - HHH000026: Second-level cache disabled
2026-03-21 20:42:45 - No LoadTimeWeaver setup: ignoring JPA class transformer
2026-03-21 20:42:45 - HikariPool-1 - Starting...
2026-03-21 20:42:45 - HikariPool-1 - Added connection org.mariadb.jdbc.Connection@3d59933
2026-03-21 20:42:45 - HikariPool-1 - Start completed.
2026-03-21 20:42:45 - HHH90000025: MariaDBDialect does not need to be specified explicitly using 'hibernate.dialect' (remove the property setting and it will be selected by default)
2026-03-21 20:42:45 - HHH10001005: Database info:
	Database JDBC URL [Connecting through datasource 'HikariDataSource (HikariPool-1)']
	Database driver: undefined/unknown
	Database version: 11.5.2
	Autocommit mode: undefined/unknown
	Isolation level: undefined/unknown
	Minimum pool size: undefined/unknown
	Maximum pool size: undefined/unknown
2026-03-21 20:42:46 - HHH000489: No JTA platform available (set 'hibernate.transaction.jta.platform' to enable JTA platform integration)
2026-03-21 20:42:46 - Initialized JPA EntityManagerFactory for persistence unit 'default'
2026-03-21 20:42:46 - Hibernate is in classpath; If applicable, HQL parser will be used.
2026-03-21 20:42:47 - spring.jpa.open-in-view is enabled by default. Therefore, database queries may be performed during view rendering. Explicitly configure spring.jpa.open-in-view to disable this warning
2026-03-21 20:42:47 - Supporting [WS-Addressing August 2004, WS-Addressing 1.0]
2026-03-21 20:42:48 - Starting ProtocolHandler ["http-nio-8095"]
2026-03-21 20:42:48 - Tomcat started on port 8095 (http) with context path '/'
2026-03-21 20:42:48 - Started PulsogymApplication in 6.357 seconds (process running for 7.354)
2026-03-21 20:42:53 - Initializing Spring DispatcherServlet 'dispatcherServlet'
2026-03-21 20:42:53 - Initializing Servlet 'dispatcherServlet'
2026-03-21 20:42:53 - Completed initialization in 1 ms
2026-03-21 20:42:53 - Inicia registrar alumno PerfilAlumno(IdPerfilAlumno=null, idUsuario=null, idPerfilCoach=1, nombre=Juan, apellidop=cortes, apellidom=cruz, fechaNacimiento=1999-12-05, sexo=H, telefono=5572297492, correo=juanx6x7a8@mail.com, frecuenciaEntrenamiento=1 a 2 dias, nivel=PRINCIPIANTE, fechaCreacion=null, fechaActualizacion=null, statusOnboarding=CREADO, objetivo=GANAR MASA MUSCULAR, activo=true)
2026-03-21 20:42:53 - Enviando usuario UsuarioRequest(correo=juanx6x7a8@mail.com, contrasenia=null, rol=ALUMNO, activo=true)
2026-03-21 20:42:53 - recibiendo usaurio <200 OK OK,ResponseGenerico(data=null, mensaje=Ocurrio un error al insertar dato, codigo=500, codigoError=96413fa8-9d23-41a5-9910-8f2e7a8ebefb),[content-type:"application/json", date:"Sun, 22 Mar 2026 02:42:53 GMT", transfer-encoding:"chunked", vary:"Access-Control-Request-Headers", "Access-Control-Request-Method", "Origin"]>
2026-03-21 20:43:00 - Inicia registrar alumno PerfilAlumno(IdPerfilAlumno=null, idUsuario=null, idPerfilCoach=1, nombre=Juan, apellidop=cortes, apellidom=cruz, fechaNacimiento=1999-12-05, sexo=H, telefono=5572297492, correo=juanx6x7fa8@mail.com, frecuenciaEntrenamiento=1 a 2 dias, nivel=PRINCIPIANTE, fechaCreacion=null, fechaActualizacion=null, statusOnboarding=CREADO, objetivo=GANAR MASA MUSCULAR, activo=true)
2026-03-21 20:43:00 - Enviando usuario UsuarioRequest(correo=juanx6x7fa8@mail.com, contrasenia=null, rol=ALUMNO, activo=true)
2026-03-21 20:43:00 - recibiendo usaurio <200 OK OK,ResponseGenerico(data={id=54, correo=juanx6x7fa8@mail.com, rol=ALUMNO}, mensaje=Dato insertado correctamente, codigo=200, codigoError=null),[content-type:"application/json", date:"Sun, 22 Mar 2026 02:43:00 GMT", transfer-encoding:"chunked", vary:"Access-Control-Request-Headers", "Access-Control-Request-Method", "Origin"]>
2026-03-21 20:43:00 - SMTP Server Host: smtp.gmail.com
2026-03-21 20:43:00 - SMTP Server Port: 587
2026-03-21 20:49:57 - Application shutdown requested.
2026-03-21 20:49:57 - Commencing graceful shutdown. Waiting for active requests to complete
2026-03-21 20:49:57 - Pausing ProtocolHandler ["http-nio-8095"]
2026-03-21 20:49:57 - Graceful shutdown complete
2026-03-21 20:49:57 - Stopping ProtocolHandler ["http-nio-8095"]
2026-03-21 20:49:57 - Closing JPA EntityManagerFactory for persistence unit 'default'
2026-03-21 20:49:57 - HikariPool-1 - Shutdown initiated...
2026-03-21 20:49:57 - HikariPool-1 - Shutdown completed.
2026-03-21 20:50:01 - Starting PulsogymApplication using Java 17.0.12 with PID 19572 (C:\Users\gmand\OneDrive\Escritorio\PULSO(GYM)\pulsogym\ms-pulso\target\classes started by gmand in C:\Users\gmand\OneDrive\Escritorio\PULSO(GYM)\pulsogym\ms-pulso)
2026-03-21 20:50:01 - No active profile set, falling back to 1 default profile: "default"
2026-03-21 20:50:01 - Bootstrapping Spring Data JPA repositories in DEFAULT mode.
2026-03-21 20:50:02 - Finished Spring Data repository scanning in 75 ms. Found 4 JPA repository interfaces.
2026-03-21 20:50:02 - BeanFactory id=a45c7ade-1d97-303a-9cf1-a1954fcbacde
2026-03-21 20:50:02 - Tomcat initialized with port 8095 (http)
2026-03-21 20:50:02 - Initializing ProtocolHandler ["http-nio-8095"]
2026-03-21 20:50:02 - Starting service [Tomcat]
2026-03-21 20:50:02 - Starting Servlet engine: [Apache Tomcat/10.1.42]
2026-03-21 20:50:02 - Initializing Spring embedded WebApplicationContext
2026-03-21 20:50:02 - Root WebApplicationContext: initialization completed in 1376 ms
2026-03-21 20:50:02 - HHH000204: Processing PersistenceUnitInfo [name: default]
2026-03-21 20:50:02 - HHH000412: Hibernate ORM core version 6.6.18.Final
2026-03-21 20:50:02 - HHH000026: Second-level cache disabled
2026-03-21 20:50:03 - No LoadTimeWeaver setup: ignoring JPA class transformer
2026-03-21 20:50:03 - HikariPool-1 - Starting...
2026-03-21 20:50:03 - HikariPool-1 - Added connection org.mariadb.jdbc.Connection@f5ae29e
2026-03-21 20:50:03 - HikariPool-1 - Start completed.
2026-03-21 20:50:03 - HHH90000025: MariaDBDialect does not need to be specified explicitly using 'hibernate.dialect' (remove the property setting and it will be selected by default)
2026-03-21 20:50:03 - HHH10001005: Database info:
	Database JDBC URL [Connecting through datasource 'HikariDataSource (HikariPool-1)']
	Database driver: undefined/unknown
	Database version: 11.5.2
	Autocommit mode: undefined/unknown
	Isolation level: undefined/unknown
	Minimum pool size: undefined/unknown
	Maximum pool size: undefined/unknown
2026-03-21 20:50:04 - HHH000489: No JTA platform available (set 'hibernate.transaction.jta.platform' to enable JTA platform integration)
2026-03-21 20:50:04 - Initialized JPA EntityManagerFactory for persistence unit 'default'
2026-03-21 20:50:04 - Hibernate is in classpath; If applicable, HQL parser will be used.
2026-03-21 20:50:05 - spring.jpa.open-in-view is enabled by default. Therefore, database queries may be performed during view rendering. Explicitly configure spring.jpa.open-in-view to disable this warning
2026-03-21 20:50:05 - Supporting [WS-Addressing August 2004, WS-Addressing 1.0]
2026-03-21 20:50:06 - Starting ProtocolHandler ["http-nio-8095"]
2026-03-21 20:50:06 - Tomcat started on port 8095 (http) with context path '/'
2026-03-21 20:50:06 - Started PulsogymApplication in 6.044 seconds (process running for 7.066)
2026-03-21 20:50:09 - Initializing Spring DispatcherServlet 'dispatcherServlet'
2026-03-21 20:50:09 - Initializing Servlet 'dispatcherServlet'
2026-03-21 20:50:09 - Completed initialization in 1 ms
2026-03-21 20:50:09 - Inicia registrar alumno PerfilAlumno(IdPerfilAlumno=null, idUsuario=null, idPerfilCoach=1, nombre=Juan, apellidop=cortes, apellidom=cruz, fechaNacimiento=1999-12-05, sexo=H, telefono=5572297492, correo=juanx6xS7fa8@mail.com, frecuenciaEntrenamiento=1 a 2 dias, nivel=PRINCIPIANTE, fechaCreacion=null, fechaActualizacion=null, statusOnboarding=CREADO, objetivo=GANAR MASA MUSCULAR, activo=true)
2026-03-21 20:50:09 - Enviando usuario UsuarioRequest(correo=juanx6xS7fa8@mail.com, contrasenia=null, rol=ALUMNO, activo=true)
2026-03-21 20:50:09 - recibiendo usaurio <200 OK OK,ResponseGenerico(data={id=55, correo=juanx6xS7fa8@mail.com, rol=ALUMNO}, mensaje=Dato insertado correctamente, codigo=200, codigoError=null),[content-type:"application/json", date:"Sun, 22 Mar 2026 02:50:09 GMT", transfer-encoding:"chunked", vary:"Access-Control-Request-Headers", "Access-Control-Request-Method", "Origin"]>
2026-03-21 20:50:10 - SMTP Server Host: smtp.gmail.com
2026-03-21 20:50:10 - SMTP Server Port: 587
2026-03-21 20:50:33 - Application shutdown requested.
2026-03-21 20:50:33 - Commencing graceful shutdown. Waiting for active requests to complete
2026-03-21 20:50:33 - Pausing ProtocolHandler ["http-nio-8095"]
2026-03-21 20:50:33 - Graceful shutdown complete
2026-03-21 20:50:33 - Stopping ProtocolHandler ["http-nio-8095"]
2026-03-21 20:50:33 - Closing JPA EntityManagerFactory for persistence unit 'default'
2026-03-21 20:50:33 - HikariPool-1 - Shutdown initiated...
2026-03-21 20:50:33 - HikariPool-1 - Shutdown completed.
2026-03-21 20:50:36 - Starting PulsogymApplication using Java 17.0.12 with PID 9504 (C:\Users\gmand\OneDrive\Escritorio\PULSO(GYM)\pulsogym\ms-pulso\target\classes started by gmand in C:\Users\gmand\OneDrive\Escritorio\PULSO(GYM)\pulsogym\ms-pulso)
2026-03-21 20:50:36 - No active profile set, falling back to 1 default profile: "default"
2026-03-21 20:50:37 - Bootstrapping Spring Data JPA repositories in DEFAULT mode.
2026-03-21 20:50:37 - Finished Spring Data repository scanning in 51 ms. Found 4 JPA repository interfaces.
2026-03-21 20:50:37 - BeanFactory id=a45c7ade-1d97-303a-9cf1-a1954fcbacde
2026-03-21 20:50:37 - Tomcat initialized with port 8095 (http)
2026-03-21 20:50:37 - Initializing ProtocolHandler ["http-nio-8095"]
2026-03-21 20:50:37 - Starting service [Tomcat]
2026-03-21 20:50:37 - Starting Servlet engine: [Apache Tomcat/10.1.42]
2026-03-21 20:50:37 - Initializing Spring embedded WebApplicationContext
2026-03-21 20:50:37 - Root WebApplicationContext: initialization completed in 1351 ms
2026-03-21 20:50:37 - HHH000204: Processing PersistenceUnitInfo [name: default]
2026-03-21 20:50:37 - HHH000412: Hibernate ORM core version 6.6.18.Final
2026-03-21 20:50:38 - HHH000026: Second-level cache disabled
2026-03-21 20:50:38 - No LoadTimeWeaver setup: ignoring JPA class transformer
2026-03-21 20:50:38 - HikariPool-1 - Starting...
2026-03-21 20:50:38 - HikariPool-1 - Added connection org.mariadb.jdbc.Connection@41f7c02d
2026-03-21 20:50:38 - HikariPool-1 - Start completed.
2026-03-21 20:50:38 - HHH90000025: MariaDBDialect does not need to be specified explicitly using 'hibernate.dialect' (remove the property setting and it will be selected by default)
2026-03-21 20:50:38 - HHH10001005: Database info:
	Database JDBC URL [Connecting through datasource 'HikariDataSource (HikariPool-1)']
	Database driver: undefined/unknown
	Database version: 11.5.2
	Autocommit mode: undefined/unknown
	Isolation level: undefined/unknown
	Minimum pool size: undefined/unknown
	Maximum pool size: undefined/unknown
2026-03-21 20:50:39 - HHH000489: No JTA platform available (set 'hibernate.transaction.jta.platform' to enable JTA platform integration)
2026-03-21 20:50:39 - Initialized JPA EntityManagerFactory for persistence unit 'default'
2026-03-21 20:50:39 - Hibernate is in classpath; If applicable, HQL parser will be used.
2026-03-21 20:50:40 - spring.jpa.open-in-view is enabled by default. Therefore, database queries may be performed during view rendering. Explicitly configure spring.jpa.open-in-view to disable this warning
2026-03-21 20:50:40 - Supporting [WS-Addressing August 2004, WS-Addressing 1.0]
2026-03-21 20:50:41 - Starting ProtocolHandler ["http-nio-8095"]
2026-03-21 20:50:41 - Tomcat started on port 8095 (http) with context path '/'
2026-03-21 20:50:41 - Started PulsogymApplication in 5.964 seconds (process running for 6.926)
2026-03-21 20:50:43 - Initializing Spring DispatcherServlet 'dispatcherServlet'
2026-03-21 20:50:43 - Initializing Servlet 'dispatcherServlet'
2026-03-21 20:50:43 - Completed initialization in 1 ms
2026-03-21 20:50:43 - Inicia registrar alumno PerfilAlumno(IdPerfilAlumno=null, idUsuario=null, idPerfilCoach=1, nombre=Juan, apellidop=cortes, apellidom=cruz, fechaNacimiento=1999-12-05, sexo=H, telefono=5572297492, correo=juanx6xsssS7fa8@mail.com, frecuenciaEntrenamiento=1 a 2 dias, nivel=PRINCIPIANTE, fechaCreacion=null, fechaActualizacion=null, statusOnboarding=CREADO, objetivo=GANAR MASA MUSCULAR, activo=true)
2026-03-21 20:50:43 - Enviando usuario UsuarioRequest(correo=juanx6xsssS7fa8@mail.com, contrasenia=null, rol=ALUMNO, activo=true)
2026-03-21 20:50:43 - recibiendo usaurio <200 OK OK,ResponseGenerico(data={id=56, correo=juanx6xsssS7fa8@mail.com, rol=ALUMNO}, mensaje=Dato insertado correctamente, codigo=200, codigoError=null),[content-type:"application/json", date:"Sun, 22 Mar 2026 02:50:43 GMT", transfer-encoding:"chunked", vary:"Access-Control-Request-Headers", "Access-Control-Request-Method", "Origin"]>
2026-03-21 20:50:44 - SMTP Server Host: smtp.gmail.com
2026-03-21 20:50:44 - SMTP Server Port: 587
2026-03-21 20:53:47 - Application shutdown requested.
2026-03-21 20:53:47 - Commencing graceful shutdown. Waiting for active requests to complete
2026-03-21 20:53:47 - Pausing ProtocolHandler ["http-nio-8095"]
2026-03-21 20:53:47 - Graceful shutdown complete
2026-03-21 20:53:47 - Stopping ProtocolHandler ["http-nio-8095"]
2026-03-21 20:53:47 - Closing JPA EntityManagerFactory for persistence unit 'default'
2026-03-21 20:53:47 - HikariPool-1 - Shutdown initiated...
2026-03-21 20:53:47 - HikariPool-1 - Shutdown completed.
2026-03-21 20:53:51 - Starting PulsogymApplication using Java 17.0.12 with PID 14968 (C:\Users\gmand\OneDrive\Escritorio\PULSO(GYM)\pulsogym\ms-pulso\target\classes started by gmand in C:\Users\gmand\OneDrive\Escritorio\PULSO(GYM)\pulsogym\ms-pulso)
2026-03-21 20:53:51 - No active profile set, falling back to 1 default profile: "default"
2026-03-21 20:53:52 - Bootstrapping Spring Data JPA repositories in DEFAULT mode.
2026-03-21 20:53:52 - Finished Spring Data repository scanning in 54 ms. Found 4 JPA repository interfaces.
2026-03-21 20:53:52 - BeanFactory id=a45c7ade-1d97-303a-9cf1-a1954fcbacde
2026-03-21 20:53:52 - Tomcat initialized with port 8095 (http)
2026-03-21 20:53:52 - Initializing ProtocolHandler ["http-nio-8095"]
2026-03-21 20:53:52 - Starting service [Tomcat]
2026-03-21 20:53:52 - Starting Servlet engine: [Apache Tomcat/10.1.42]
2026-03-21 20:53:52 - Initializing Spring embedded WebApplicationContext
2026-03-21 20:53:52 - Root WebApplicationContext: initialization completed in 1359 ms
2026-03-21 20:53:52 - HHH000204: Processing PersistenceUnitInfo [name: default]
2026-03-21 20:53:52 - HHH000412: Hibernate ORM core version 6.6.18.Final
2026-03-21 20:53:52 - HHH000026: Second-level cache disabled
2026-03-21 20:53:53 - No LoadTimeWeaver setup: ignoring JPA class transformer
2026-03-21 20:53:53 - HikariPool-1 - Starting...
2026-03-21 20:53:53 - HikariPool-1 - Added connection org.mariadb.jdbc.Connection@3c87e851
2026-03-21 20:53:53 - HikariPool-1 - Start completed.
2026-03-21 20:53:53 - HHH90000025: MariaDBDialect does not need to be specified explicitly using 'hibernate.dialect' (remove the property setting and it will be selected by default)
2026-03-21 20:53:53 - HHH10001005: Database info:
	Database JDBC URL [Connecting through datasource 'HikariDataSource (HikariPool-1)']
	Database driver: undefined/unknown
	Database version: 11.5.2
	Autocommit mode: undefined/unknown
	Isolation level: undefined/unknown
	Minimum pool size: undefined/unknown
	Maximum pool size: undefined/unknown
2026-03-21 20:53:54 - HHH000489: No JTA platform available (set 'hibernate.transaction.jta.platform' to enable JTA platform integration)
2026-03-21 20:53:54 - Initialized JPA EntityManagerFactory for persistence unit 'default'
2026-03-21 20:53:54 - Hibernate is in classpath; If applicable, HQL parser will be used.
2026-03-21 20:53:55 - spring.jpa.open-in-view is enabled by default. Therefore, database queries may be performed during view rendering. Explicitly configure spring.jpa.open-in-view to disable this warning
2026-03-21 20:53:55 - Supporting [WS-Addressing August 2004, WS-Addressing 1.0]
2026-03-21 20:53:56 - Starting ProtocolHandler ["http-nio-8095"]
2026-03-21 20:53:56 - Tomcat started on port 8095 (http) with context path '/'
2026-03-21 20:53:56 - Started PulsogymApplication in 5.9 seconds (process running for 6.852)
2026-03-21 20:53:59 - Initializing Spring DispatcherServlet 'dispatcherServlet'
2026-03-21 20:53:59 - Initializing Servlet 'dispatcherServlet'
2026-03-21 20:53:59 - Completed initialization in 1 ms
2026-03-21 20:53:59 - Inicia registrar alumno PerfilAlumno(IdPerfilAlumno=null, idUsuario=null, idPerfilCoach=1, nombre=Juan, apellidop=cortes, apellidom=cruz, fechaNacimiento=1999-12-05, sexo=H, telefono=5572297492, correo=juassS7fa8@mail.com, frecuenciaEntrenamiento=1 a 2 dias, nivel=PRINCIPIANTE, fechaCreacion=null, fechaActualizacion=null, statusOnboarding=CREADO, objetivo=GANAR MASA MUSCULAR, activo=true)
2026-03-21 20:53:59 - Enviando usuario UsuarioRequest(correo=juassS7fa8@mail.com, contrasenia=null, rol=ALUMNO, activo=true)
2026-03-21 20:53:59 - recibiendo usaurio <200 OK OK,ResponseGenerico(data={id=57, correo=juassS7fa8@mail.com, rol=ALUMNO}, mensaje=Dato insertado correctamente, codigo=200, codigoError=null),[content-type:"application/json", date:"Sun, 22 Mar 2026 02:53:59 GMT", transfer-encoding:"chunked", vary:"Access-Control-Request-Headers", "Access-Control-Request-Method", "Origin"]>
2026-03-21 20:53:59 - SMTP Server Host: smtp.gmail.com
2026-03-21 20:53:59 - SMTP Server Port: 587
2026-03-21 20:53:59 - Error encviando correo Couldn't connect to host, port: smtp.gmail.com, 587; timeout -1
2026-03-21 20:53:59 - Finaliza registrar alumno
2026-03-21 20:55:37 - Inicia registrar alumno PerfilAlumno(IdPerfilAlumno=null, idUsuario=null, idPerfilCoach=1, nombre=Juan, apellidop=cortes, apellidom=cruz, fechaNacimiento=1999-12-05, sexo=H, telefono=5572297492, correo=juaddssS7fa8@mail.com, frecuenciaEntrenamiento=1 a 2 dias, nivel=PRINCIPIANTE, fechaCreacion=null, fechaActualizacion=null, statusOnboarding=CREADO, objetivo=GANAR MASA MUSCULAR, activo=true)
2026-03-21 20:55:37 - Enviando usuario UsuarioRequest(correo=juaddssS7fa8@mail.com, contrasenia=null, rol=ALUMNO, activo=true)
2026-03-21 20:55:37 - recibiendo usaurio <200 OK OK,ResponseGenerico(data={id=58, correo=juaddssS7fa8@mail.com, rol=ALUMNO}, mensaje=Dato insertado correctamente, codigo=200, codigoError=null),[content-type:"application/json", date:"Sun, 22 Mar 2026 02:55:37 GMT", transfer-encoding:"chunked", vary:"Access-Control-Request-Headers", "Access-Control-Request-Method", "Origin"]>
2026-03-21 20:55:37 - SMTP Server Host: smtp.gmail.com
2026-03-21 20:55:37 - SMTP Server Port: 587
2026-03-21 20:56:32 - Inicia registrar alumno PerfilAlumno(IdPerfilAlumno=null, idUsuario=null, idPerfilCoach=1, nombre=Juan, apellidop=cortes, apellidom=cruz, fechaNacimiento=1999-12-05, sexo=H, telefono=5572297492, correo=juaddssS7fa8@mail.com, frecuenciaEntrenamiento=1 a 2 dias, nivel=PRINCIPIANTE, fechaCreacion=null, fechaActualizacion=null, statusOnboarding=CREADO, objetivo=GANAR MASA MUSCULAR, activo=true)
2026-03-21 20:56:32 - Enviando usuario UsuarioRequest(correo=juaddssS7fa8@mail.com, contrasenia=null, rol=ALUMNO, activo=true)
2026-03-21 20:56:32 - recibiendo usaurio <200 OK OK,ResponseGenerico(data=null, mensaje=Ocurrio un error al insertar dato, codigo=500, codigoError=3e56e858-11cf-49c7-9128-daf87068e127),[content-type:"application/json", date:"Sun, 22 Mar 2026 02:56:32 GMT", transfer-encoding:"chunked", vary:"Access-Control-Request-Headers", "Access-Control-Request-Method", "Origin"]>
2026-03-21 20:56:37 - Inicia registrar alumno PerfilAlumno(IdPerfilAlumno=null, idUsuario=null, idPerfilCoach=1, nombre=Juan, apellidop=cortes, apellidom=cruz, fechaNacimiento=1999-12-05, sexo=H, telefono=5572297492, correo=juaddsvgfgsS7fa8@mail.com, frecuenciaEntrenamiento=1 a 2 dias, nivel=PRINCIPIANTE, fechaCreacion=null, fechaActualizacion=null, statusOnboarding=CREADO, objetivo=GANAR MASA MUSCULAR, activo=true)
2026-03-21 20:56:37 - Enviando usuario UsuarioRequest(correo=juaddsvgfgsS7fa8@mail.com, contrasenia=null, rol=ALUMNO, activo=true)
2026-03-21 20:56:37 - recibiendo usaurio <200 OK OK,ResponseGenerico(data={id=60, correo=juaddsvgfgsS7fa8@mail.com, rol=ALUMNO}, mensaje=Dato insertado correctamente, codigo=200, codigoError=null),[content-type:"application/json", date:"Sun, 22 Mar 2026 02:56:37 GMT", transfer-encoding:"chunked", vary:"Access-Control-Request-Headers", "Access-Control-Request-Method", "Origin"]>
2026-03-21 20:56:37 - SMTP Server Host: smtp.gmail.com
2026-03-21 20:56:37 - SMTP Server Port: 587
2026-03-21 20:56:38 - Error encviando correo IOException while sending message
2026-03-21 20:56:38 - Finaliza registrar alumno
2026-03-21 20:58:27 - Application shutdown requested.
2026-03-21 20:58:27 - Commencing graceful shutdown. Waiting for active requests to complete
2026-03-21 20:58:27 - Pausing ProtocolHandler ["http-nio-8095"]
2026-03-21 20:58:57 - Shutdown phase 2147482623 ends with 1 bean still running after timeout of 30000ms: [webServerGracefulShutdown]
2026-03-21 20:58:57 - Stopping ProtocolHandler ["http-nio-8095"]
2026-03-21 20:58:57 - Graceful shutdown aborted with one or more requests still active
2026-03-21 20:59:02 - The executor associated with thread pool [http-nio-8095] has not fully shutdown. Some application threads may still be running.
2026-03-21 20:59:02 - Closing JPA EntityManagerFactory for persistence unit 'default'
2026-03-21 20:59:02 - HikariPool-1 - Shutdown initiated...
2026-03-21 20:59:02 - HikariPool-1 - Shutdown completed.
2026-03-21 20:59:08 - Starting PulsogymApplication using Java 17.0.12 with PID 21408 (C:\Users\gmand\OneDrive\Escritorio\PULSO(GYM)\pulsogym\ms-pulso\target\classes started by gmand in C:\Users\gmand\OneDrive\Escritorio\PULSO(GYM)\pulsogym\ms-pulso)
2026-03-21 20:59:08 - No active profile set, falling back to 1 default profile: "default"
2026-03-21 20:59:09 - Bootstrapping Spring Data JPA repositories in DEFAULT mode.
2026-03-21 20:59:09 - Finished Spring Data repository scanning in 63 ms. Found 4 JPA repository interfaces.
2026-03-21 20:59:09 - BeanFactory id=a45c7ade-1d97-303a-9cf1-a1954fcbacde
2026-03-21 20:59:09 - Tomcat initialized with port 8095 (http)
2026-03-21 20:59:09 - Initializing ProtocolHandler ["http-nio-8095"]
2026-03-21 20:59:09 - Starting service [Tomcat]
2026-03-21 20:59:09 - Starting Servlet engine: [Apache Tomcat/10.1.42]
2026-03-21 20:59:09 - Initializing Spring embedded WebApplicationContext
2026-03-21 20:59:09 - Root WebApplicationContext: initialization completed in 1395 ms
2026-03-21 20:59:10 - HHH000204: Processing PersistenceUnitInfo [name: default]
2026-03-21 20:59:10 - HHH000412: Hibernate ORM core version 6.6.18.Final
2026-03-21 20:59:10 - HHH000026: Second-level cache disabled
2026-03-21 20:59:10 - No LoadTimeWeaver setup: ignoring JPA class transformer
2026-03-21 20:59:10 - HikariPool-1 - Starting...
2026-03-21 20:59:10 - HikariPool-1 - Added connection org.mariadb.jdbc.Connection@445b85d7
2026-03-21 20:59:10 - HikariPool-1 - Start completed.
2026-03-21 20:59:10 - HHH90000025: MariaDBDialect does not need to be specified explicitly using 'hibernate.dialect' (remove the property setting and it will be selected by default)
2026-03-21 20:59:10 - HHH10001005: Database info:
	Database JDBC URL [Connecting through datasource 'HikariDataSource (HikariPool-1)']
	Database driver: undefined/unknown
	Database version: 11.5.2
	Autocommit mode: undefined/unknown
	Isolation level: undefined/unknown
	Minimum pool size: undefined/unknown
	Maximum pool size: undefined/unknown
2026-03-21 20:59:11 - HHH000489: No JTA platform available (set 'hibernate.transaction.jta.platform' to enable JTA platform integration)
2026-03-21 20:59:11 - Initialized JPA EntityManagerFactory for persistence unit 'default'
2026-03-21 20:59:11 - Hibernate is in classpath; If applicable, HQL parser will be used.
2026-03-21 20:59:12 - spring.jpa.open-in-view is enabled by default. Therefore, database queries may be performed during view rendering. Explicitly configure spring.jpa.open-in-view to disable this warning
2026-03-21 20:59:13 - Supporting [WS-Addressing August 2004, WS-Addressing 1.0]
2026-03-21 20:59:13 - Starting ProtocolHandler ["http-nio-8095"]
2026-03-21 20:59:13 - Tomcat started on port 8095 (http) with context path '/'
2026-03-21 20:59:13 - Started PulsogymApplication in 6.11 seconds (process running for 7.137)
2026-03-21 20:59:16 - Initializing Spring DispatcherServlet 'dispatcherServlet'
2026-03-21 20:59:16 - Initializing Servlet 'dispatcherServlet'
2026-03-21 20:59:16 - Completed initialization in 1 ms
2026-03-21 20:59:16 - Inicia registrar alumno PerfilAlumno(IdPerfilAlumno=null, idUsuario=null, idPerfilCoach=1, nombre=Juan, apellidop=cortes, apellidom=cruz, fechaNacimiento=1999-12-05, sexo=H, telefono=5572297492, correo=juaddsvgfgassS7fa8@mail.com, frecuenciaEntrenamiento=1 a 2 dias, nivel=PRINCIPIANTE, fechaCreacion=null, fechaActualizacion=null, statusOnboarding=CREADO, objetivo=GANAR MASA MUSCULAR, activo=true)
2026-03-21 20:59:16 - Enviando usuario UsuarioRequest(correo=juaddsvgfgassS7fa8@mail.com, contrasenia=null, rol=ALUMNO, activo=true)
2026-03-21 20:59:16 - recibiendo usaurio <200 OK OK,ResponseGenerico(data={id=61, correo=juaddsvgfgassS7fa8@mail.com, rol=ALUMNO}, mensaje=Dato insertado correctamente, codigo=200, codigoError=null),[content-type:"application/json", date:"Sun, 22 Mar 2026 02:59:16 GMT", transfer-encoding:"chunked", vary:"Access-Control-Request-Headers", "Access-Control-Request-Method", "Origin"]>
2026-03-21 20:59:17 - SMTP Server Host: smtp.gmail.com
2026-03-21 20:59:17 - SMTP Server Port: 587
2026-03-21 20:59:21 - Correo enviado exitosamente.
2026-03-21 20:59:21 - Finaliza registrar alumno
2026-03-21 21:09:44 - Application shutdown requested.
2026-03-21 21:09:44 - Commencing graceful shutdown. Waiting for active requests to complete
2026-03-21 21:09:44 - Pausing ProtocolHandler ["http-nio-8095"]
2026-03-21 21:09:44 - Graceful shutdown complete
2026-03-21 21:09:44 - Stopping ProtocolHandler ["http-nio-8095"]
2026-03-21 21:09:44 - Closing JPA EntityManagerFactory for persistence unit 'default'
2026-03-21 21:09:44 - HikariPool-1 - Shutdown initiated...
2026-03-21 21:09:44 - HikariPool-1 - Shutdown completed.
2026-03-21 21:09:48 - Starting PulsogymApplication using Java 17.0.12 with PID 10920 (C:\Users\gmand\OneDrive\Escritorio\PULSO(GYM)\pulsogym\ms-pulso\target\classes started by gmand in C:\Users\gmand\OneDrive\Escritorio\PULSO(GYM)\pulsogym\ms-pulso)
2026-03-21 21:09:48 - No active profile set, falling back to 1 default profile: "default"
2026-03-21 21:09:49 - Bootstrapping Spring Data JPA repositories in DEFAULT mode.
2026-03-21 21:09:49 - Finished Spring Data repository scanning in 57 ms. Found 4 JPA repository interfaces.
2026-03-21 21:09:49 - BeanFactory id=a45c7ade-1d97-303a-9cf1-a1954fcbacde
2026-03-21 21:09:50 - Tomcat initialized with port 8095 (http)
2026-03-21 21:09:50 - Initializing ProtocolHandler ["http-nio-8095"]
2026-03-21 21:09:50 - Starting service [Tomcat]
2026-03-21 21:09:50 - Starting Servlet engine: [Apache Tomcat/10.1.42]
2026-03-21 21:09:50 - Initializing Spring embedded WebApplicationContext
2026-03-21 21:09:50 - Root WebApplicationContext: initialization completed in 1479 ms
2026-03-21 21:09:50 - HHH000204: Processing PersistenceUnitInfo [name: default]
2026-03-21 21:09:50 - HHH000412: Hibernate ORM core version 6.6.18.Final
2026-03-21 21:09:50 - HHH000026: Second-level cache disabled
2026-03-21 21:09:50 - No LoadTimeWeaver setup: ignoring JPA class transformer
2026-03-21 21:09:50 - HikariPool-1 - Starting...
2026-03-21 21:09:50 - HikariPool-1 - Added connection org.mariadb.jdbc.Connection@30bd39d5
2026-03-21 21:09:50 - HikariPool-1 - Start completed.
2026-03-21 21:09:50 - HHH90000025: MariaDBDialect does not need to be specified explicitly using 'hibernate.dialect' (remove the property setting and it will be selected by default)
2026-03-21 21:09:50 - HHH10001005: Database info:
	Database JDBC URL [Connecting through datasource 'HikariDataSource (HikariPool-1)']
	Database driver: undefined/unknown
	Database version: 11.5.2
	Autocommit mode: undefined/unknown
	Isolation level: undefined/unknown
	Minimum pool size: undefined/unknown
	Maximum pool size: undefined/unknown
2026-03-21 21:09:51 - HHH000489: No JTA platform available (set 'hibernate.transaction.jta.platform' to enable JTA platform integration)
2026-03-21 21:09:51 - Initialized JPA EntityManagerFactory for persistence unit 'default'
2026-03-21 21:09:52 - Hibernate is in classpath; If applicable, HQL parser will be used.
2026-03-21 21:09:52 - spring.jpa.open-in-view is enabled by default. Therefore, database queries may be performed during view rendering. Explicitly configure spring.jpa.open-in-view to disable this warning
2026-03-21 21:09:53 - Supporting [WS-Addressing August 2004, WS-Addressing 1.0]
2026-03-21 21:09:53 - Starting ProtocolHandler ["http-nio-8095"]
2026-03-21 21:09:53 - Tomcat started on port 8095 (http) with context path '/'
2026-03-21 21:09:53 - Started PulsogymApplication in 6.356 seconds (process running for 7.454)
2026-03-21 21:10:20 - Application shutdown requested.
2026-03-21 21:10:20 - Commencing graceful shutdown. Waiting for active requests to complete
2026-03-21 21:10:20 - Pausing ProtocolHandler ["http-nio-8095"]
2026-03-21 21:10:20 - Graceful shutdown complete
2026-03-21 21:10:20 - Stopping ProtocolHandler ["http-nio-8095"]
2026-03-21 21:10:20 - Closing JPA EntityManagerFactory for persistence unit 'default'
2026-03-21 21:10:20 - HikariPool-1 - Shutdown initiated...
2026-03-21 21:10:20 - HikariPool-1 - Shutdown completed.
2026-03-21 21:10:23 - Starting PulsogymApplication using Java 17.0.12 with PID 15984 (C:\Users\gmand\OneDrive\Escritorio\PULSO(GYM)\pulsogym\ms-pulso\target\classes started by gmand in C:\Users\gmand\OneDrive\Escritorio\PULSO(GYM)\pulsogym\ms-pulso)
2026-03-21 21:10:23 - No active profile set, falling back to 1 default profile: "default"
2026-03-21 21:10:24 - Bootstrapping Spring Data JPA repositories in DEFAULT mode.
2026-03-21 21:10:24 - Finished Spring Data repository scanning in 51 ms. Found 4 JPA repository interfaces.
2026-03-21 21:10:24 - BeanFactory id=a45c7ade-1d97-303a-9cf1-a1954fcbacde
2026-03-21 21:10:25 - Tomcat initialized with port 8095 (http)
2026-03-21 21:10:25 - Initializing ProtocolHandler ["http-nio-8095"]
2026-03-21 21:10:25 - Starting service [Tomcat]
2026-03-21 21:10:25 - Starting Servlet engine: [Apache Tomcat/10.1.42]
2026-03-21 21:10:25 - Initializing Spring embedded WebApplicationContext
2026-03-21 21:10:25 - Root WebApplicationContext: initialization completed in 1354 ms
2026-03-21 21:10:25 - HHH000204: Processing PersistenceUnitInfo [name: default]
2026-03-21 21:10:25 - HHH000412: Hibernate ORM core version 6.6.18.Final
2026-03-21 21:10:25 - HHH000026: Second-level cache disabled
2026-03-21 21:10:25 - No LoadTimeWeaver setup: ignoring JPA class transformer
2026-03-21 21:10:25 - HikariPool-1 - Starting...
2026-03-21 21:10:25 - HikariPool-1 - Added connection org.mariadb.jdbc.Connection@380e33c2
2026-03-21 21:10:25 - HikariPool-1 - Start completed.
2026-03-21 21:10:25 - HHH90000025: MariaDBDialect does not need to be specified explicitly using 'hibernate.dialect' (remove the property setting and it will be selected by default)
2026-03-21 21:10:25 - HHH10001005: Database info:
	Database JDBC URL [Connecting through datasource 'HikariDataSource (HikariPool-1)']
	Database driver: undefined/unknown
	Database version: 11.5.2
	Autocommit mode: undefined/unknown
	Isolation level: undefined/unknown
	Minimum pool size: undefined/unknown
	Maximum pool size: undefined/unknown
2026-03-21 21:10:26 - HHH000489: No JTA platform available (set 'hibernate.transaction.jta.platform' to enable JTA platform integration)
2026-03-21 21:10:26 - Initialized JPA EntityManagerFactory for persistence unit 'default'
2026-03-21 21:10:27 - Hibernate is in classpath; If applicable, HQL parser will be used.
2026-03-21 21:10:27 - spring.jpa.open-in-view is enabled by default. Therefore, database queries may be performed during view rendering. Explicitly configure spring.jpa.open-in-view to disable this warning
2026-03-21 21:10:28 - Supporting [WS-Addressing August 2004, WS-Addressing 1.0]
2026-03-21 21:10:28 - Starting ProtocolHandler ["http-nio-8095"]
2026-03-21 21:10:28 - Tomcat started on port 8095 (http) with context path '/'
2026-03-21 21:10:28 - Started PulsogymApplication in 5.775 seconds (process running for 6.817)
2026-03-21 21:10:35 - Initializing Spring DispatcherServlet 'dispatcherServlet'
2026-03-21 21:10:35 - Initializing Servlet 'dispatcherServlet'
2026-03-21 21:10:35 - Completed initialization in 2 ms
2026-03-21 21:10:35 - Inicia registrar alumno PerfilAlumno(IdPerfilAlumno=null, idUsuario=null, idPerfilCoach=1, nombre=Juan, apellidop=cortes, apellidom=cruz, fechaNacimiento=1999-12-05, sexo=H, telefono=5572297492, correo=juaddsvgfgasssS7fa8@mail.com, frecuenciaEntrenamiento=1 a 2 dias, nivel=PRINCIPIANTE, fechaCreacion=null, fechaActualizacion=null, statusOnboarding=CREADO, objetivo=GANAR MASA MUSCULAR, activo=true)
2026-03-21 21:10:35 - Enviando usuario UsuarioRequest(correo=juaddsvgfgasssS7fa8@mail.com, contrasenia=null, rol=ALUMNO, activo=true)
2026-03-21 21:10:35 - recibiendo usaurio <200 OK OK,ResponseGenerico(data={id=62, correo=juaddsvgfgasssS7fa8@mail.com, rol=ALUMNO}, mensaje=Dato insertado correctamente, codigo=200, codigoError=null),[content-type:"application/json", date:"Sun, 22 Mar 2026 03:10:35 GMT", transfer-encoding:"chunked", vary:"Access-Control-Request-Headers", "Access-Control-Request-Method", "Origin"]>
2026-03-21 21:10:35 - SMTP Server Host: smtp.gmail.com
2026-03-21 21:10:35 - SMTP Server Port: 587
2026-03-21 21:10:37 - Correo enviado exitosamente.
2026-03-21 21:10:37 - Finaliza registrar alumno
2026-03-21 21:14:30 - Application shutdown requested.
2026-03-21 21:14:30 - Commencing graceful shutdown. Waiting for active requests to complete
2026-03-21 21:14:30 - Pausing ProtocolHandler ["http-nio-8095"]
2026-03-21 21:14:31 - Graceful shutdown complete
2026-03-21 21:14:31 - Stopping ProtocolHandler ["http-nio-8095"]
2026-03-21 21:14:31 - Closing JPA EntityManagerFactory for persistence unit 'default'
2026-03-21 21:14:31 - HikariPool-1 - Shutdown initiated...
2026-03-21 21:14:31 - HikariPool-1 - Shutdown completed.
2026-03-21 21:14:34 - Starting PulsogymApplication using Java 17.0.12 with PID 22700 (C:\Users\gmand\OneDrive\Escritorio\PULSO(GYM)\pulsogym\ms-pulso\target\classes started by gmand in C:\Users\gmand\OneDrive\Escritorio\PULSO(GYM)\pulsogym\ms-pulso)
2026-03-21 21:14:34 - No active profile set, falling back to 1 default profile: "default"
2026-03-21 21:14:35 - Bootstrapping Spring Data JPA repositories in DEFAULT mode.
2026-03-21 21:14:35 - Finished Spring Data repository scanning in 57 ms. Found 4 JPA repository interfaces.
2026-03-21 21:14:35 - BeanFactory id=a45c7ade-1d97-303a-9cf1-a1954fcbacde
2026-03-21 21:14:36 - Tomcat initialized with port 8095 (http)
2026-03-21 21:14:36 - Initializing ProtocolHandler ["http-nio-8095"]
2026-03-21 21:14:36 - Starting service [Tomcat]
2026-03-21 21:14:36 - Starting Servlet engine: [Apache Tomcat/10.1.42]
2026-03-21 21:14:36 - Initializing Spring embedded WebApplicationContext
2026-03-21 21:14:36 - Root WebApplicationContext: initialization completed in 1463 ms
2026-03-21 21:14:36 - HHH000204: Processing PersistenceUnitInfo [name: default]
2026-03-21 21:14:36 - HHH000412: Hibernate ORM core version 6.6.18.Final
2026-03-21 21:14:36 - HHH000026: Second-level cache disabled
2026-03-21 21:14:36 - No LoadTimeWeaver setup: ignoring JPA class transformer
2026-03-21 21:14:36 - HikariPool-1 - Starting...
2026-03-21 21:14:36 - HikariPool-1 - Added connection org.mariadb.jdbc.Connection@53e4a19e
2026-03-21 21:14:36 - HikariPool-1 - Start completed.
2026-03-21 21:14:36 - HHH90000025: MariaDBDialect does not need to be specified explicitly using 'hibernate.dialect' (remove the property setting and it will be selected by default)
2026-03-21 21:14:36 - HHH10001005: Database info:
	Database JDBC URL [Connecting through datasource 'HikariDataSource (HikariPool-1)']
	Database driver: undefined/unknown
	Database version: 11.5.2
	Autocommit mode: undefined/unknown
	Isolation level: undefined/unknown
	Minimum pool size: undefined/unknown
	Maximum pool size: undefined/unknown
2026-03-21 21:14:37 - HHH000489: No JTA platform available (set 'hibernate.transaction.jta.platform' to enable JTA platform integration)
2026-03-21 21:14:37 - Initialized JPA EntityManagerFactory for persistence unit 'default'
2026-03-21 21:14:38 - Hibernate is in classpath; If applicable, HQL parser will be used.
2026-03-21 21:14:38 - spring.jpa.open-in-view is enabled by default. Therefore, database queries may be performed during view rendering. Explicitly configure spring.jpa.open-in-view to disable this warning
2026-03-21 21:14:39 - Supporting [WS-Addressing August 2004, WS-Addressing 1.0]
2026-03-21 21:14:39 - Starting ProtocolHandler ["http-nio-8095"]
2026-03-21 21:14:39 - Tomcat started on port 8095 (http) with context path '/'
2026-03-21 21:14:39 - Started PulsogymApplication in 6.072 seconds (process running for 7.035)
2026-03-21 21:14:42 - Initializing Spring DispatcherServlet 'dispatcherServlet'
2026-03-21 21:14:42 - Initializing Servlet 'dispatcherServlet'
2026-03-21 21:14:42 - Completed initialization in 1 ms
2026-03-21 21:14:42 - Inicia registrar alumno PerfilAlumno(IdPerfilAlumno=null, idUsuario=null, idPerfilCoach=1, nombre=Juan, apellidop=cortes, apellidom=cruz, fechaNacimiento=1999-12-05, sexo=H, telefono=5572297492, correo=juaddsvgfgaszzssS7fa8@mail.com, frecuenciaEntrenamiento=1 a 2 dias, nivel=PRINCIPIANTE, fechaCreacion=null, fechaActualizacion=null, statusOnboarding=CREADO, objetivo=GANAR MASA MUSCULAR, activo=true)
2026-03-21 21:14:42 - Enviando usuario UsuarioRequest(correo=juaddsvgfgaszzssS7fa8@mail.com, contrasenia=null, rol=ALUMNO, activo=true)
2026-03-21 21:14:42 - recibiendo usaurio <200 OK OK,ResponseGenerico(data={id=63, correo=juaddsvgfgaszzssS7fa8@mail.com, rol=ALUMNO}, mensaje=Dato insertado correctamente, codigo=200, codigoError=null),[content-type:"application/json", date:"Sun, 22 Mar 2026 03:14:42 GMT", transfer-encoding:"chunked", vary:"Access-Control-Request-Headers", "Access-Control-Request-Method", "Origin"]>
2026-03-21 21:14:42 - SMTP Server Host: smtp.gmail.com
2026-03-21 21:14:42 - SMTP Server Port: 587
2026-03-21 21:14:46 - Correo enviado exitosamente.
2026-03-21 21:14:46 - Finaliza registrar alumno
2026-03-21 21:21:10 - Application shutdown requested.
2026-03-21 21:21:10 - Commencing graceful shutdown. Waiting for active requests to complete
2026-03-21 21:21:10 - Pausing ProtocolHandler ["http-nio-8095"]
2026-03-21 21:21:10 - Graceful shutdown complete
2026-03-21 21:21:10 - Stopping ProtocolHandler ["http-nio-8095"]
2026-03-21 21:21:10 - Closing JPA EntityManagerFactory for persistence unit 'default'
2026-03-21 21:21:10 - HikariPool-1 - Shutdown initiated...
2026-03-21 21:21:10 - HikariPool-1 - Shutdown completed.
2026-03-21 21:21:14 - Starting PulsogymApplication using Java 17.0.12 with PID 9912 (C:\Users\gmand\OneDrive\Escritorio\PULSO(GYM)\pulsogym\ms-pulso\target\classes started by gmand in C:\Users\gmand\OneDrive\Escritorio\PULSO(GYM)\pulsogym\ms-pulso)
2026-03-21 21:21:14 - No active profile set, falling back to 1 default profile: "default"
2026-03-21 21:21:15 - Bootstrapping Spring Data JPA repositories in DEFAULT mode.
2026-03-21 21:21:15 - Finished Spring Data repository scanning in 61 ms. Found 4 JPA repository interfaces.
2026-03-21 21:21:15 - BeanFactory id=a45c7ade-1d97-303a-9cf1-a1954fcbacde
2026-03-21 21:21:16 - Tomcat initialized with port 8095 (http)
2026-03-21 21:21:16 - Initializing ProtocolHandler ["http-nio-8095"]
2026-03-21 21:21:16 - Starting service [Tomcat]
2026-03-21 21:21:16 - Starting Servlet engine: [Apache Tomcat/10.1.42]
2026-03-21 21:21:16 - Initializing Spring embedded WebApplicationContext
2026-03-21 21:21:16 - Root WebApplicationContext: initialization completed in 1469 ms
2026-03-21 21:21:16 - HHH000204: Processing PersistenceUnitInfo [name: default]
2026-03-21 21:21:16 - HHH000412: Hibernate ORM core version 6.6.18.Final
2026-03-21 21:21:16 - HHH000026: Second-level cache disabled
2026-03-21 21:21:16 - No LoadTimeWeaver setup: ignoring JPA class transformer
2026-03-21 21:21:16 - HikariPool-1 - Starting...
2026-03-21 21:21:16 - HikariPool-1 - Added connection org.mariadb.jdbc.Connection@53e4a19e
2026-03-21 21:21:16 - HikariPool-1 - Start completed.
2026-03-21 21:21:16 - HHH90000025: MariaDBDialect does not need to be specified explicitly using 'hibernate.dialect' (remove the property setting and it will be selected by default)
2026-03-21 21:21:16 - HHH10001005: Database info:
	Database JDBC URL [Connecting through datasource 'HikariDataSource (HikariPool-1)']
	Database driver: undefined/unknown
	Database version: 11.5.2
	Autocommit mode: undefined/unknown
	Isolation level: undefined/unknown
	Minimum pool size: undefined/unknown
	Maximum pool size: undefined/unknown
2026-03-21 21:21:17 - HHH000489: No JTA platform available (set 'hibernate.transaction.jta.platform' to enable JTA platform integration)
2026-03-21 21:21:17 - Initialized JPA EntityManagerFactory for persistence unit 'default'
2026-03-21 21:21:17 - Hibernate is in classpath; If applicable, HQL parser will be used.
2026-03-21 21:21:18 - spring.jpa.open-in-view is enabled by default. Therefore, database queries may be performed during view rendering. Explicitly configure spring.jpa.open-in-view to disable this warning
2026-03-21 21:21:18 - Supporting [WS-Addressing August 2004, WS-Addressing 1.0]
2026-03-21 21:21:19 - Starting ProtocolHandler ["http-nio-8095"]
2026-03-21 21:21:19 - Tomcat started on port 8095 (http) with context path '/'
2026-03-21 21:21:19 - Started PulsogymApplication in 6.021 seconds (process running for 7.144)
2026-03-21 21:21:23 - Initializing Spring DispatcherServlet 'dispatcherServlet'
2026-03-21 21:21:23 - Initializing Servlet 'dispatcherServlet'
2026-03-21 21:21:23 - Completed initialization in 0 ms
2026-03-21 21:21:23 - Inicia registrar alumno PerfilAlumno(IdPerfilAlumno=null, idUsuario=null, idPerfilCoach=1, nombre=Juan, apellidop=cortes, apellidom=cruz, fechaNacimiento=1999-12-05, sexo=H, telefono=5572297492, correo=juaddsvgefgaszzssS7fa8@mail.com, frecuenciaEntrenamiento=1 a 2 dias, nivel=PRINCIPIANTE, fechaCreacion=null, fechaActualizacion=null, statusOnboarding=CREADO, objetivo=GANAR MASA MUSCULAR, activo=true)
2026-03-21 21:21:23 - Enviando usuario UsuarioRequest(correo=juaddsvgefgaszzssS7fa8@mail.com, contrasenia=null, rol=ALUMNO, activo=true)
2026-03-21 21:21:23 - recibiendo usaurio <200 OK OK,ResponseGenerico(data={id=64, correo=juaddsvgefgaszzssS7fa8@mail.com, rol=ALUMNO}, mensaje=Dato insertado correctamente, codigo=200, codigoError=null),[content-type:"application/json", date:"Sun, 22 Mar 2026 03:21:23 GMT", transfer-encoding:"chunked", vary:"Access-Control-Request-Headers", "Access-Control-Request-Method", "Origin"]>
2026-03-21 21:21:24 - SMTP Server Host: smtp.gmail.com
2026-03-21 21:21:24 - SMTP Server Port: 587
2026-03-21 21:21:27 - Correo enviado exitosamente.
2026-03-21 21:21:27 - Finaliza registrar alumno
2026-03-21 21:31:22 - HikariPool-1 - Thread starvation or clock leap detected (housekeeper delta=1m5s258ms276µs100ns).
2026-03-22 18:33:06 - Starting PulsogymApplication using Java 17.0.12 with PID 3428 (C:\Users\gmand\OneDrive\Escritorio\PULSO(GYM)\pulsogym\ms-pulso\target\classes started by gmand in C:\Users\gmand\OneDrive\Escritorio\PULSO(GYM)\pulsogym\ms-pulso)
2026-03-22 18:33:06 - No active profile set, falling back to 1 default profile: "default"
2026-03-22 18:33:07 - Bootstrapping Spring Data JPA repositories in DEFAULT mode.
2026-03-22 18:33:07 - Finished Spring Data repository scanning in 68 ms. Found 4 JPA repository interfaces.
2026-03-22 18:33:07 - BeanFactory id=a45c7ade-1d97-303a-9cf1-a1954fcbacde
2026-03-22 18:33:08 - Tomcat initialized with port 8095 (http)
2026-03-22 18:33:08 - Initializing ProtocolHandler ["http-nio-8095"]
2026-03-22 18:33:08 - Starting service [Tomcat]
2026-03-22 18:33:08 - Starting Servlet engine: [Apache Tomcat/10.1.42]
2026-03-22 18:33:08 - Initializing Spring embedded WebApplicationContext
2026-03-22 18:33:08 - Root WebApplicationContext: initialization completed in 1621 ms
2026-03-22 18:33:08 - HHH000204: Processing PersistenceUnitInfo [name: default]
2026-03-22 18:33:08 - HHH000412: Hibernate ORM core version 6.6.18.Final
2026-03-22 18:33:08 - HHH000026: Second-level cache disabled
2026-03-22 18:33:09 - No LoadTimeWeaver setup: ignoring JPA class transformer
2026-03-22 18:33:09 - HikariPool-1 - Starting...
2026-03-22 18:33:09 - HikariPool-1 - Added connection org.mariadb.jdbc.Connection@6adcf059
2026-03-22 18:33:09 - HikariPool-1 - Start completed.
2026-03-22 18:33:09 - HHH90000025: MariaDBDialect does not need to be specified explicitly using 'hibernate.dialect' (remove the property setting and it will be selected by default)
2026-03-22 18:33:09 - HHH10001005: Database info:
	Database JDBC URL [Connecting through datasource 'HikariDataSource (HikariPool-1)']
	Database driver: undefined/unknown
	Database version: 11.5.2
	Autocommit mode: undefined/unknown
	Isolation level: undefined/unknown
	Minimum pool size: undefined/unknown
	Maximum pool size: undefined/unknown
2026-03-22 18:33:10 - HHH000489: No JTA platform available (set 'hibernate.transaction.jta.platform' to enable JTA platform integration)
2026-03-22 18:33:10 - Initialized JPA EntityManagerFactory for persistence unit 'default'
2026-03-22 18:33:11 - Hibernate is in classpath; If applicable, HQL parser will be used.
2026-03-22 18:33:11 - spring.jpa.open-in-view is enabled by default. Therefore, database queries may be performed during view rendering. Explicitly configure spring.jpa.open-in-view to disable this warning
2026-03-22 18:33:12 - Supporting [WS-Addressing August 2004, WS-Addressing 1.0]
2026-03-22 18:33:12 - Starting ProtocolHandler ["http-nio-8095"]
2026-03-22 18:33:12 - Tomcat started on port 8095 (http) with context path '/'
2026-03-22 18:33:12 - Started PulsogymApplication in 6.898 seconds (process running for 8.343)
2026-03-22 18:34:14 - Initializing Spring DispatcherServlet 'dispatcherServlet'
2026-03-22 18:34:14 - Initializing Servlet 'dispatcherServlet'
2026-03-22 18:34:14 - Completed initialization in 1 ms
2026-03-22 18:35:17 - Application shutdown requested.
2026-03-22 18:35:17 - Commencing graceful shutdown. Waiting for active requests to complete
2026-03-22 18:35:17 - Pausing ProtocolHandler ["http-nio-8095"]
2026-03-22 18:35:18 - Graceful shutdown complete
2026-03-22 18:35:18 - Stopping ProtocolHandler ["http-nio-8095"]
2026-03-22 18:35:18 - Closing JPA EntityManagerFactory for persistence unit 'default'
2026-03-22 18:35:18 - HikariPool-1 - Shutdown initiated...
2026-03-22 18:35:18 - HikariPool-1 - Shutdown completed.
2026-03-22 18:35:21 - Starting PulsogymApplication using Java 17.0.12 with PID 11956 (C:\Users\gmand\OneDrive\Escritorio\PULSO(GYM)\pulsogym\ms-pulso\target\classes started by gmand in C:\Users\gmand\OneDrive\Escritorio\PULSO(GYM)\pulsogym\ms-pulso)
2026-03-22 18:35:21 - No active profile set, falling back to 1 default profile: "default"
2026-03-22 18:35:21 - Bootstrapping Spring Data JPA repositories in DEFAULT mode.
2026-03-22 18:35:22 - Finished Spring Data repository scanning in 58 ms. Found 4 JPA repository interfaces.
2026-03-22 18:35:22 - BeanFactory id=a45c7ade-1d97-303a-9cf1-a1954fcbacde
2026-03-22 18:35:22 - Tomcat initialized with port 8095 (http)
2026-03-22 18:35:22 - Initializing ProtocolHandler ["http-nio-8095"]
2026-03-22 18:35:22 - Starting service [Tomcat]
2026-03-22 18:35:22 - Starting Servlet engine: [Apache Tomcat/10.1.42]
2026-03-22 18:35:22 - Initializing Spring embedded WebApplicationContext
2026-03-22 18:35:22 - Root WebApplicationContext: initialization completed in 1234 ms
2026-03-22 18:35:22 - HHH000204: Processing PersistenceUnitInfo [name: default]
2026-03-22 18:35:22 - HHH000412: Hibernate ORM core version 6.6.18.Final
2026-03-22 18:35:22 - HHH000026: Second-level cache disabled
2026-03-22 18:35:23 - No LoadTimeWeaver setup: ignoring JPA class transformer
2026-03-22 18:35:23 - HikariPool-1 - Starting...
2026-03-22 18:35:23 - HikariPool-1 - Added connection org.mariadb.jdbc.Connection@6bdedbbd
2026-03-22 18:35:23 - HikariPool-1 - Start completed.
2026-03-22 18:35:23 - HHH90000025: MariaDBDialect does not need to be specified explicitly using 'hibernate.dialect' (remove the property setting and it will be selected by default)
2026-03-22 18:35:23 - HHH10001005: Database info:
	Database JDBC URL [Connecting through datasource 'HikariDataSource (HikariPool-1)']
	Database driver: undefined/unknown
	Database version: 11.5.2
	Autocommit mode: undefined/unknown
	Isolation level: undefined/unknown
	Minimum pool size: undefined/unknown
	Maximum pool size: undefined/unknown
2026-03-22 18:35:24 - HHH000489: No JTA platform available (set 'hibernate.transaction.jta.platform' to enable JTA platform integration)
2026-03-22 18:35:24 - Initialized JPA EntityManagerFactory for persistence unit 'default'
2026-03-22 18:35:24 - Hibernate is in classpath; If applicable, HQL parser will be used.
2026-03-22 18:35:24 - spring.jpa.open-in-view is enabled by default. Therefore, database queries may be performed during view rendering. Explicitly configure spring.jpa.open-in-view to disable this warning
2026-03-22 18:35:25 - Supporting [WS-Addressing August 2004, WS-Addressing 1.0]
2026-03-22 18:35:25 - Starting ProtocolHandler ["http-nio-8095"]
2026-03-22 18:35:25 - Tomcat started on port 8095 (http) with context path '/'
2026-03-22 18:35:25 - Started PulsogymApplication in 5.338 seconds (process running for 6.283)
2026-03-22 18:38:23 - Initializing Spring DispatcherServlet 'dispatcherServlet'
2026-03-22 18:38:23 - Initializing Servlet 'dispatcherServlet'
2026-03-22 18:38:23 - Completed initialization in 2 ms
2026-03-22 18:38:23 - Inicia registrar alumno PerfilAlumno(IdPerfilAlumno=null, idUsuario=null, idPerfilCoach=1, nombre=Juan, apellidop=cortes, apellidom=cruz, fechaNacimiento=1999-12-05, sexo=H, telefono=5572297492, correo=juadadsvgefgaszzssS7fa8@mail.com, frecuenciaEntrenamiento=1 a 2 dias, nivel=PRINCIPIANTE, fechaCreacion=null, fechaActualizacion=null, statusOnboarding=CREADO, objetivo=GANAR MASA MUSCULAR, activo=true)
2026-03-22 18:38:23 - Enviando usuario UsuarioRequest(correo=juadadsvgefgaszzssS7fa8@mail.com, contrasenia=null, rol=ALUMNO, activo=true)
2026-03-22 18:39:02 - Application shutdown requested.
2026-03-22 18:39:02 - Commencing graceful shutdown. Waiting for active requests to complete
2026-03-22 18:39:02 - Pausing ProtocolHandler ["http-nio-8095"]
2026-03-22 18:39:02 - Graceful shutdown complete
2026-03-22 18:39:02 - Stopping ProtocolHandler ["http-nio-8095"]
2026-03-22 18:39:02 - Closing JPA EntityManagerFactory for persistence unit 'default'
2026-03-22 18:39:02 - HikariPool-1 - Shutdown initiated...
2026-03-22 18:39:02 - HikariPool-1 - Shutdown completed.
2026-03-22 18:39:05 - Starting PulsogymApplication using Java 17.0.12 with PID 18184 (C:\Users\gmand\OneDrive\Escritorio\PULSO(GYM)\pulsogym\ms-pulso\target\classes started by gmand in C:\Users\gmand\OneDrive\Escritorio\PULSO(GYM)\pulsogym\ms-pulso)
2026-03-22 18:39:05 - No active profile set, falling back to 1 default profile: "default"
2026-03-22 18:39:06 - Bootstrapping Spring Data JPA repositories in DEFAULT mode.
2026-03-22 18:39:06 - Finished Spring Data repository scanning in 50 ms. Found 4 JPA repository interfaces.
2026-03-22 18:39:06 - BeanFactory id=a45c7ade-1d97-303a-9cf1-a1954fcbacde
2026-03-22 18:39:06 - Tomcat initialized with port 8095 (http)
2026-03-22 18:39:06 - Initializing ProtocolHandler ["http-nio-8095"]
2026-03-22 18:39:06 - Starting service [Tomcat]
2026-03-22 18:39:06 - Starting Servlet engine: [Apache Tomcat/10.1.42]
2026-03-22 18:39:06 - Initializing Spring embedded WebApplicationContext
2026-03-22 18:39:06 - Root WebApplicationContext: initialization completed in 1269 ms
2026-03-22 18:39:07 - HHH000204: Processing PersistenceUnitInfo [name: default]
2026-03-22 18:39:07 - HHH000412: Hibernate ORM core version 6.6.18.Final
2026-03-22 18:39:07 - HHH000026: Second-level cache disabled
2026-03-22 18:39:07 - No LoadTimeWeaver setup: ignoring JPA class transformer
2026-03-22 18:39:07 - HikariPool-1 - Starting...
2026-03-22 18:39:07 - HikariPool-1 - Added connection org.mariadb.jdbc.Connection@6124dda2
2026-03-22 18:39:07 - HikariPool-1 - Start completed.
2026-03-22 18:39:07 - HHH90000025: MariaDBDialect does not need to be specified explicitly using 'hibernate.dialect' (remove the property setting and it will be selected by default)
2026-03-22 18:39:07 - HHH10001005: Database info:
	Database JDBC URL [Connecting through datasource 'HikariDataSource (HikariPool-1)']
	Database driver: undefined/unknown
	Database version: 11.5.2
	Autocommit mode: undefined/unknown
	Isolation level: undefined/unknown
	Minimum pool size: undefined/unknown
	Maximum pool size: undefined/unknown
2026-03-22 18:39:08 - HHH000489: No JTA platform available (set 'hibernate.transaction.jta.platform' to enable JTA platform integration)
2026-03-22 18:39:08 - Initialized JPA EntityManagerFactory for persistence unit 'default'
2026-03-22 18:39:08 - Hibernate is in classpath; If applicable, HQL parser will be used.
2026-03-22 18:39:09 - spring.jpa.open-in-view is enabled by default. Therefore, database queries may be performed during view rendering. Explicitly configure spring.jpa.open-in-view to disable this warning
2026-03-22 18:39:09 - Supporting [WS-Addressing August 2004, WS-Addressing 1.0]
2026-03-22 18:39:09 - Starting ProtocolHandler ["http-nio-8095"]
2026-03-22 18:39:10 - Tomcat started on port 8095 (http) with context path '/'
2026-03-22 18:39:10 - Started PulsogymApplication in 5.455 seconds (process running for 6.399)
2026-03-22 18:39:14 - Initializing Spring DispatcherServlet 'dispatcherServlet'
2026-03-22 18:39:14 - Initializing Servlet 'dispatcherServlet'
2026-03-22 18:39:14 - Completed initialization in 1 ms
2026-03-22 18:39:14 - Inicia registrar alumno PerfilAlumno(IdPerfilAlumno=null, idUsuario=null, idPerfilCoach=1, nombre=Juan, apellidop=cortes, apellidom=cruz, fechaNacimiento=1999-12-05, sexo=H, telefono=5572297492, correo=juadadsvgefgaszzssS7fa8@mail.com, frecuenciaEntrenamiento=1 a 2 dias, nivel=PRINCIPIANTE, fechaCreacion=null, fechaActualizacion=null, statusOnboarding=CREADO, objetivo=GANAR MASA MUSCULAR, activo=true)
2026-03-22 18:39:14 - Enviando usuario UsuarioRequest(correo=juadadsvgefgaszzssS7fa8@mail.com, contrasenia=null, rol=ALUMNO, activo=true)
2026-03-22 18:39:42 - Application shutdown requested.
2026-03-22 18:39:42 - Commencing graceful shutdown. Waiting for active requests to complete
2026-03-22 18:39:42 - Pausing ProtocolHandler ["http-nio-8095"]
2026-03-22 18:39:43 - Graceful shutdown complete
2026-03-22 18:39:43 - Stopping ProtocolHandler ["http-nio-8095"]
2026-03-22 18:39:43 - Closing JPA EntityManagerFactory for persistence unit 'default'
2026-03-22 18:39:43 - HikariPool-1 - Shutdown initiated...
2026-03-22 18:39:43 - HikariPool-1 - Shutdown completed.
2026-03-22 18:39:46 - Starting PulsogymApplication using Java 17.0.12 with PID 5940 (C:\Users\gmand\OneDrive\Escritorio\PULSO(GYM)\pulsogym\ms-pulso\target\classes started by gmand in C:\Users\gmand\OneDrive\Escritorio\PULSO(GYM)\pulsogym\ms-pulso)
2026-03-22 18:39:46 - No active profile set, falling back to 1 default profile: "default"
2026-03-22 18:39:47 - Bootstrapping Spring Data JPA repositories in DEFAULT mode.
2026-03-22 18:39:47 - Finished Spring Data repository scanning in 52 ms. Found 4 JPA repository interfaces.
2026-03-22 18:39:47 - BeanFactory id=a45c7ade-1d97-303a-9cf1-a1954fcbacde
2026-03-22 18:39:47 - Tomcat initialized with port 8095 (http)
2026-03-22 18:39:47 - Initializing ProtocolHandler ["http-nio-8095"]
2026-03-22 18:39:47 - Starting service [Tomcat]
2026-03-22 18:39:47 - Starting Servlet engine: [Apache Tomcat/10.1.42]
2026-03-22 18:39:47 - Initializing Spring embedded WebApplicationContext
2026-03-22 18:39:47 - Root WebApplicationContext: initialization completed in 1272 ms
2026-03-22 18:39:47 - HHH000204: Processing PersistenceUnitInfo [name: default]
2026-03-22 18:39:47 - HHH000412: Hibernate ORM core version 6.6.18.Final
2026-03-22 18:39:47 - HHH000026: Second-level cache disabled
2026-03-22 18:39:48 - No LoadTimeWeaver setup: ignoring JPA class transformer
2026-03-22 18:39:48 - HikariPool-1 - Starting...
2026-03-22 18:39:48 - HikariPool-1 - Added connection org.mariadb.jdbc.Connection@1c31de5d
2026-03-22 18:39:48 - HikariPool-1 - Start completed.
2026-03-22 18:39:48 - HHH90000025: MariaDBDialect does not need to be specified explicitly using 'hibernate.dialect' (remove the property setting and it will be selected by default)
2026-03-22 18:39:48 - HHH10001005: Database info:
	Database JDBC URL [Connecting through datasource 'HikariDataSource (HikariPool-1)']
	Database driver: undefined/unknown
	Database version: 11.5.2
	Autocommit mode: undefined/unknown
	Isolation level: undefined/unknown
	Minimum pool size: undefined/unknown
	Maximum pool size: undefined/unknown
2026-03-22 18:39:49 - HHH000489: No JTA platform available (set 'hibernate.transaction.jta.platform' to enable JTA platform integration)
2026-03-22 18:39:49 - Initialized JPA EntityManagerFactory for persistence unit 'default'
2026-03-22 18:39:49 - Hibernate is in classpath; If applicable, HQL parser will be used.
2026-03-22 18:39:49 - spring.jpa.open-in-view is enabled by default. Therefore, database queries may be performed during view rendering. Explicitly configure spring.jpa.open-in-view to disable this warning
2026-03-22 18:39:50 - Supporting [WS-Addressing August 2004, WS-Addressing 1.0]
2026-03-22 18:39:50 - Starting ProtocolHandler ["http-nio-8095"]
2026-03-22 18:39:50 - Tomcat started on port 8095 (http) with context path '/'
2026-03-22 18:39:51 - Started PulsogymApplication in 5.478 seconds (process running for 6.417)
2026-03-22 18:39:53 - Initializing Spring DispatcherServlet 'dispatcherServlet'
2026-03-22 18:39:53 - Initializing Servlet 'dispatcherServlet'
2026-03-22 18:39:53 - Completed initialization in 1 ms
2026-03-22 18:39:53 - Inicia registrar alumno PerfilAlumno(IdPerfilAlumno=null, idUsuario=null, idPerfilCoach=1, nombre=Juan, apellidop=cortes, apellidom=cruz, fechaNacimiento=1999-12-05, sexo=H, telefono=5572297492, correo=juadadsvgefgaszzssS7fa8@mail.com, frecuenciaEntrenamiento=1 a 2 dias, nivel=PRINCIPIANTE, fechaCreacion=null, fechaActualizacion=null, statusOnboarding=CREADO, objetivo=GANAR MASA MUSCULAR, activo=true)
2026-03-22 18:39:53 - Enviando usuario UsuarioRequest(correo=juadadsvgefgaszzssS7fa8@mail.com, contrasenia=null, rol=ALUMNO, activo=true)
2026-03-22 18:39:53 - recibiendo usaurio <200 OK OK,ResponseGenerico(data={id=65, correo=juadadsvgefgaszzssS7fa8@mail.com, rol=ALUMNO}, mensaje=Dato insertado correctamente, codigo=200, codigoError=null),[content-type:"application/json", date:"Mon, 23 Mar 2026 00:39:53 GMT", transfer-encoding:"chunked", vary:"Access-Control-Request-Headers", "Access-Control-Request-Method", "Origin"]>
2026-03-22 18:39:54 - SMTP Server Host: smtp.gmail.com
2026-03-22 18:39:54 - SMTP Server Port: 587
2026-03-22 18:39:59 - Correo enviado exitosamente.
2026-03-22 18:39:59 - Finaliza registrar alumno
2026-03-22 18:41:50 - Application shutdown requested.
2026-03-22 18:41:50 - Commencing graceful shutdown. Waiting for active requests to complete
2026-03-22 18:41:50 - Pausing ProtocolHandler ["http-nio-8095"]
2026-03-22 18:41:50 - Graceful shutdown complete
2026-03-22 18:41:50 - Stopping ProtocolHandler ["http-nio-8095"]
2026-03-22 18:41:50 - Closing JPA EntityManagerFactory for persistence unit 'default'
2026-03-22 18:41:50 - HikariPool-1 - Shutdown initiated...
2026-03-22 18:41:50 - HikariPool-1 - Shutdown completed.
2026-03-22 18:41:53 - Starting PulsogymApplication using Java 17.0.12 with PID 5548 (C:\Users\gmand\OneDrive\Escritorio\PULSO(GYM)\pulsogym\ms-pulso\target\classes started by gmand in C:\Users\gmand\OneDrive\Escritorio\PULSO(GYM)\pulsogym\ms-pulso)
2026-03-22 18:41:53 - No active profile set, falling back to 1 default profile: "default"
2026-03-22 18:41:54 - Bootstrapping Spring Data JPA repositories in DEFAULT mode.
2026-03-22 18:41:54 - Finished Spring Data repository scanning in 59 ms. Found 4 JPA repository interfaces.
2026-03-22 18:41:54 - BeanFactory id=a45c7ade-1d97-303a-9cf1-a1954fcbacde
2026-03-22 18:41:55 - Tomcat initialized with port 8095 (http)
2026-03-22 18:41:55 - Initializing ProtocolHandler ["http-nio-8095"]
2026-03-22 18:41:55 - Starting service [Tomcat]
2026-03-22 18:41:55 - Starting Servlet engine: [Apache Tomcat/10.1.42]
2026-03-22 18:41:55 - Initializing Spring embedded WebApplicationContext
2026-03-22 18:41:55 - Root WebApplicationContext: initialization completed in 1329 ms
2026-03-22 18:41:55 - HHH000204: Processing PersistenceUnitInfo [name: default]
2026-03-22 18:41:55 - HHH000412: Hibernate ORM core version 6.6.18.Final
2026-03-22 18:41:55 - HHH000026: Second-level cache disabled
2026-03-22 18:41:55 - No LoadTimeWeaver setup: ignoring JPA class transformer
2026-03-22 18:41:55 - HikariPool-1 - Starting...
2026-03-22 18:41:55 - HikariPool-1 - Added connection org.mariadb.jdbc.Connection@1c31de5d
2026-03-22 18:41:55 - HikariPool-1 - Start completed.
2026-03-22 18:41:55 - HHH90000025: MariaDBDialect does not need to be specified explicitly using 'hibernate.dialect' (remove the property setting and it will be selected by default)
2026-03-22 18:41:55 - HHH10001005: Database info:
	Database JDBC URL [Connecting through datasource 'HikariDataSource (HikariPool-1)']
	Database driver: undefined/unknown
	Database version: 11.5.2
	Autocommit mode: undefined/unknown
	Isolation level: undefined/unknown
	Minimum pool size: undefined/unknown
	Maximum pool size: undefined/unknown
2026-03-22 18:41:56 - HHH000489: No JTA platform available (set 'hibernate.transaction.jta.platform' to enable JTA platform integration)
2026-03-22 18:41:56 - Initialized JPA EntityManagerFactory for persistence unit 'default'
2026-03-22 18:41:57 - Hibernate is in classpath; If applicable, HQL parser will be used.
2026-03-22 18:41:57 - spring.jpa.open-in-view is enabled by default. Therefore, database queries may be performed during view rendering. Explicitly configure spring.jpa.open-in-view to disable this warning
2026-03-22 18:41:57 - Supporting [WS-Addressing August 2004, WS-Addressing 1.0]
2026-03-22 18:41:58 - Starting ProtocolHandler ["http-nio-8095"]
2026-03-22 18:41:58 - Tomcat started on port 8095 (http) with context path '/'
2026-03-22 18:41:58 - Started PulsogymApplication in 5.535 seconds (process running for 6.639)
2026-03-22 18:42:00 - Initializing Spring DispatcherServlet 'dispatcherServlet'
2026-03-22 18:42:00 - Initializing Servlet 'dispatcherServlet'
2026-03-22 18:42:00 - Completed initialization in 1 ms
2026-03-22 18:42:00 - Inicia registrar alumno PerfilAlumno(IdPerfilAlumno=null, idUsuario=null, idPerfilCoach=1, nombre=Juan, apellidop=cortes, apellidom=cruz, fechaNacimiento=1999-12-05, sexo=H, telefono=5572297492, correo=juadadsvgefgaszzssS7fa8@mail.com, frecuenciaEntrenamiento=1 a 2 dias, nivel=PRINCIPIANTE, fechaCreacion=null, fechaActualizacion=null, statusOnboarding=CREADO, objetivo=GANAR MASA MUSCULAR, activo=true)
2026-03-22 18:42:00 - Enviando usuario UsuarioRequest(correo=juadadsvgefgaszzssS7fa8@mail.com, contrasenia=null, rol=ALUMNO, activo=true)
2026-03-22 18:42:00 - recibiendo usaurio <200 OK OK,ResponseGenerico(data=null, mensaje=Ocurrio un error al insertar dato, codigo=500, codigoError=e60be021-8693-4d17-81e4-98ed8d62cb61),[content-type:"application/json", date:"Mon, 23 Mar 2026 00:42:00 GMT", transfer-encoding:"chunked", vary:"Access-Control-Request-Headers", "Access-Control-Request-Method", "Origin"]>
2026-03-22 18:42:03 - Inicia registrar alumno PerfilAlumno(IdPerfilAlumno=null, idUsuario=null, idPerfilCoach=1, nombre=Juan, apellidop=cortes, apellidom=cruz, fechaNacimiento=1999-12-05, sexo=H, telefono=5572297492, correo=juadadsvgefgaszszssS7fa8@mail.com, frecuenciaEntrenamiento=1 a 2 dias, nivel=PRINCIPIANTE, fechaCreacion=null, fechaActualizacion=null, statusOnboarding=CREADO, objetivo=GANAR MASA MUSCULAR, activo=true)
2026-03-22 18:42:03 - Enviando usuario UsuarioRequest(correo=juadadsvgefgaszszssS7fa8@mail.com, contrasenia=null, rol=ALUMNO, activo=true)
2026-03-22 18:42:03 - recibiendo usaurio <200 OK OK,ResponseGenerico(data={id=67, correo=juadadsvgefgaszszssS7fa8@mail.com, rol=ALUMNO}, mensaje=Dato insertado correctamente, codigo=200, codigoError=null),[content-type:"application/json", date:"Mon, 23 Mar 2026 00:42:03 GMT", transfer-encoding:"chunked", vary:"Access-Control-Request-Headers", "Access-Control-Request-Method", "Origin"]>
2026-03-22 18:42:04 - SMTP Server Host: smtp.gmail.com
2026-03-22 18:42:04 - SMTP Server Port: 587
2026-03-22 18:42:06 - Correo enviado exitosamente.
2026-03-22 18:42:06 - Finaliza registrar alumno
2026-03-22 18:42:47 - Application shutdown requested.
2026-03-22 18:42:47 - Commencing graceful shutdown. Waiting for active requests to complete
2026-03-22 18:42:47 - Pausing ProtocolHandler ["http-nio-8095"]
2026-03-22 18:42:47 - Graceful shutdown complete
2026-03-22 18:42:47 - Stopping ProtocolHandler ["http-nio-8095"]
2026-03-22 18:42:47 - Closing JPA EntityManagerFactory for persistence unit 'default'
2026-03-22 18:42:47 - HikariPool-1 - Shutdown initiated...
2026-03-22 18:42:47 - HikariPool-1 - Shutdown completed.
2026-03-22 18:42:51 - Starting PulsogymApplication using Java 17.0.12 with PID 10452 (C:\Users\gmand\OneDrive\Escritorio\PULSO(GYM)\pulsogym\ms-pulso\target\classes started by gmand in C:\Users\gmand\OneDrive\Escritorio\PULSO(GYM)\pulsogym\ms-pulso)
2026-03-22 18:42:51 - No active profile set, falling back to 1 default profile: "default"
2026-03-22 18:42:51 - Bootstrapping Spring Data JPA repositories in DEFAULT mode.
2026-03-22 18:42:52 - Finished Spring Data repository scanning in 53 ms. Found 4 JPA repository interfaces.
2026-03-22 18:42:52 - BeanFactory id=a45c7ade-1d97-303a-9cf1-a1954fcbacde
2026-03-22 18:42:52 - Tomcat initialized with port 8095 (http)
2026-03-22 18:42:52 - Initializing ProtocolHandler ["http-nio-8095"]
2026-03-22 18:42:52 - Starting service [Tomcat]
2026-03-22 18:42:52 - Starting Servlet engine: [Apache Tomcat/10.1.42]
2026-03-22 18:42:52 - Initializing Spring embedded WebApplicationContext
2026-03-22 18:42:52 - Root WebApplicationContext: initialization completed in 1348 ms
2026-03-22 18:42:52 - HHH000204: Processing PersistenceUnitInfo [name: default]
2026-03-22 18:42:52 - HHH000412: Hibernate ORM core version 6.6.18.Final
2026-03-22 18:42:52 - HHH000026: Second-level cache disabled
2026-03-22 18:42:53 - No LoadTimeWeaver setup: ignoring JPA class transformer
2026-03-22 18:42:53 - HikariPool-1 - Starting...
2026-03-22 18:42:53 - HikariPool-1 - Added connection org.mariadb.jdbc.Connection@f5ae29e
2026-03-22 18:42:53 - HikariPool-1 - Start completed.
2026-03-22 18:42:53 - HHH90000025: MariaDBDialect does not need to be specified explicitly using 'hibernate.dialect' (remove the property setting and it will be selected by default)
2026-03-22 18:42:53 - HHH10001005: Database info:
	Database JDBC URL [Connecting through datasource 'HikariDataSource (HikariPool-1)']
	Database driver: undefined/unknown
	Database version: 11.5.2
	Autocommit mode: undefined/unknown
	Isolation level: undefined/unknown
	Minimum pool size: undefined/unknown
	Maximum pool size: undefined/unknown
2026-03-22 18:42:54 - HHH000489: No JTA platform available (set 'hibernate.transaction.jta.platform' to enable JTA platform integration)
2026-03-22 18:42:54 - Initialized JPA EntityManagerFactory for persistence unit 'default'
2026-03-22 18:42:54 - Hibernate is in classpath; If applicable, HQL parser will be used.
2026-03-22 18:42:55 - spring.jpa.open-in-view is enabled by default. Therefore, database queries may be performed during view rendering. Explicitly configure spring.jpa.open-in-view to disable this warning
2026-03-22 18:42:55 - Supporting [WS-Addressing August 2004, WS-Addressing 1.0]
2026-03-22 18:42:56 - Starting ProtocolHandler ["http-nio-8095"]
2026-03-22 18:42:56 - Tomcat started on port 8095 (http) with context path '/'
2026-03-22 18:42:56 - Started PulsogymApplication in 6.188 seconds (process running for 7.189)
2026-03-22 18:43:02 - Initializing Spring DispatcherServlet 'dispatcherServlet'
2026-03-22 18:43:02 - Initializing Servlet 'dispatcherServlet'
2026-03-22 18:43:02 - Completed initialization in 2 ms
2026-03-22 18:43:02 - Inicia registrar alumno PerfilAlumno(IdPerfilAlumno=null, idUsuario=null, idPerfilCoach=1, nombre=Juan, apellidop=cortes, apellidom=cruz, fechaNacimiento=1999-12-05, sexo=H, telefono=5572297492, correo=juadadsvgefgaszszzdsdssS7fa8@mail.com, frecuenciaEntrenamiento=1 a 2 dias, nivel=PRINCIPIANTE, fechaCreacion=null, fechaActualizacion=null, statusOnboarding=CREADO, objetivo=GANAR MASA MUSCULAR, activo=true)
2026-03-22 18:43:02 - Enviando usuario UsuarioRequest(correo=juadadsvgefgaszszzdsdssS7fa8@mail.com, contrasenia=null, rol=ALUMNO, activo=true)
2026-03-22 18:43:02 - recibiendo usaurio <200 OK OK,ResponseGenerico(data={id=68, correo=juadadsvgefgaszszzdsdssS7fa8@mail.com, rol=ALUMNO}, mensaje=Dato insertado correctamente, codigo=200, codigoError=null),[content-type:"application/json", date:"Mon, 23 Mar 2026 00:43:02 GMT", transfer-encoding:"chunked", vary:"Access-Control-Request-Headers", "Access-Control-Request-Method", "Origin"]>
2026-03-22 18:43:02 - SMTP Server Host: smtp.gmail.com
2026-03-22 18:43:02 - SMTP Server Port: 587
2026-03-22 18:43:06 - Correo enviado exitosamente.
2026-03-22 18:43:06 - Finaliza registrar alumno
2026-03-22 18:43:40 - Application shutdown requested.
2026-03-22 18:43:40 - Commencing graceful shutdown. Waiting for active requests to complete
2026-03-22 18:43:40 - Pausing ProtocolHandler ["http-nio-8095"]
2026-03-22 18:43:40 - Graceful shutdown complete
2026-03-22 18:43:40 - Stopping ProtocolHandler ["http-nio-8095"]
2026-03-22 18:43:40 - Closing JPA EntityManagerFactory for persistence unit 'default'
2026-03-22 18:43:40 - HikariPool-1 - Shutdown initiated...
2026-03-22 18:43:40 - HikariPool-1 - Shutdown completed.
2026-03-22 18:43:43 - Starting PulsogymApplication using Java 17.0.12 with PID 15744 (C:\Users\gmand\OneDrive\Escritorio\PULSO(GYM)\pulsogym\ms-pulso\target\classes started by gmand in C:\Users\gmand\OneDrive\Escritorio\PULSO(GYM)\pulsogym\ms-pulso)
2026-03-22 18:43:43 - No active profile set, falling back to 1 default profile: "default"
2026-03-22 18:43:44 - Bootstrapping Spring Data JPA repositories in DEFAULT mode.
2026-03-22 18:43:44 - Finished Spring Data repository scanning in 52 ms. Found 4 JPA repository interfaces.
2026-03-22 18:43:44 - BeanFactory id=a45c7ade-1d97-303a-9cf1-a1954fcbacde
2026-03-22 18:43:45 - Tomcat initialized with port 8095 (http)
2026-03-22 18:43:45 - Initializing ProtocolHandler ["http-nio-8095"]
2026-03-22 18:43:45 - Starting service [Tomcat]
2026-03-22 18:43:45 - Starting Servlet engine: [Apache Tomcat/10.1.42]
2026-03-22 18:43:45 - Initializing Spring embedded WebApplicationContext
2026-03-22 18:43:45 - Root WebApplicationContext: initialization completed in 1269 ms
2026-03-22 18:43:45 - HHH000204: Processing PersistenceUnitInfo [name: default]
2026-03-22 18:43:45 - HHH000412: Hibernate ORM core version 6.6.18.Final
2026-03-22 18:43:45 - HHH000026: Second-level cache disabled
2026-03-22 18:43:45 - No LoadTimeWeaver setup: ignoring JPA class transformer
2026-03-22 18:43:45 - HikariPool-1 - Starting...
2026-03-22 18:43:45 - HikariPool-1 - Added connection org.mariadb.jdbc.Connection@7a7f9d45
2026-03-22 18:43:45 - HikariPool-1 - Start completed.
2026-03-22 18:43:45 - HHH90000025: MariaDBDialect does not need to be specified explicitly using 'hibernate.dialect' (remove the property setting and it will be selected by default)
2026-03-22 18:43:45 - HHH10001005: Database info:
	Database JDBC URL [Connecting through datasource 'HikariDataSource (HikariPool-1)']
	Database driver: undefined/unknown
	Database version: 11.5.2
	Autocommit mode: undefined/unknown
	Isolation level: undefined/unknown
	Minimum pool size: undefined/unknown
	Maximum pool size: undefined/unknown
2026-03-22 18:43:46 - HHH000489: No JTA platform available (set 'hibernate.transaction.jta.platform' to enable JTA platform integration)
2026-03-22 18:43:46 - Initialized JPA EntityManagerFactory for persistence unit 'default'
2026-03-22 18:43:47 - Hibernate is in classpath; If applicable, HQL parser will be used.
2026-03-22 18:43:47 - spring.jpa.open-in-view is enabled by default. Therefore, database queries may be performed during view rendering. Explicitly configure spring.jpa.open-in-view to disable this warning
2026-03-22 18:43:48 - Supporting [WS-Addressing August 2004, WS-Addressing 1.0]
2026-03-22 18:43:48 - Starting ProtocolHandler ["http-nio-8095"]
2026-03-22 18:43:48 - Tomcat started on port 8095 (http) with context path '/'
2026-03-22 18:43:48 - Started PulsogymApplication in 5.602 seconds (process running for 6.532)
2026-03-22 18:44:01 - Application shutdown requested.
2026-03-22 18:44:01 - Commencing graceful shutdown. Waiting for active requests to complete
2026-03-22 18:44:01 - Pausing ProtocolHandler ["http-nio-8095"]
2026-03-22 18:44:01 - Graceful shutdown complete
2026-03-22 18:44:01 - Stopping ProtocolHandler ["http-nio-8095"]
2026-03-22 18:44:01 - Closing JPA EntityManagerFactory for persistence unit 'default'
2026-03-22 18:44:01 - HikariPool-1 - Shutdown initiated...
2026-03-22 18:44:01 - HikariPool-1 - Shutdown completed.
2026-03-22 18:44:05 - Starting PulsogymApplication using Java 17.0.12 with PID 19404 (C:\Users\gmand\OneDrive\Escritorio\PULSO(GYM)\pulsogym\ms-pulso\target\classes started by gmand in C:\Users\gmand\OneDrive\Escritorio\PULSO(GYM)\pulsogym\ms-pulso)
2026-03-22 18:44:05 - No active profile set, falling back to 1 default profile: "default"
2026-03-22 18:44:05 - Bootstrapping Spring Data JPA repositories in DEFAULT mode.
2026-03-22 18:44:06 - Finished Spring Data repository scanning in 51 ms. Found 4 JPA repository interfaces.
2026-03-22 18:44:06 - BeanFactory id=a45c7ade-1d97-303a-9cf1-a1954fcbacde
2026-03-22 18:44:06 - Tomcat initialized with port 8095 (http)
2026-03-22 18:44:06 - Initializing ProtocolHandler ["http-nio-8095"]
2026-03-22 18:44:06 - Starting service [Tomcat]
2026-03-22 18:44:06 - Starting Servlet engine: [Apache Tomcat/10.1.42]
2026-03-22 18:44:06 - Initializing Spring embedded WebApplicationContext
2026-03-22 18:44:06 - Root WebApplicationContext: initialization completed in 1423 ms
2026-03-22 18:44:06 - HHH000204: Processing PersistenceUnitInfo [name: default]
2026-03-22 18:44:06 - HHH000412: Hibernate ORM core version 6.6.18.Final
2026-03-22 18:44:06 - HHH000026: Second-level cache disabled
2026-03-22 18:44:07 - No LoadTimeWeaver setup: ignoring JPA class transformer
2026-03-22 18:44:07 - HikariPool-1 - Starting...
2026-03-22 18:44:07 - HikariPool-1 - Added connection org.mariadb.jdbc.Connection@445b85d7
2026-03-22 18:44:07 - HikariPool-1 - Start completed.
2026-03-22 18:44:07 - HHH90000025: MariaDBDialect does not need to be specified explicitly using 'hibernate.dialect' (remove the property setting and it will be selected by default)
2026-03-22 18:44:07 - HHH10001005: Database info:
	Database JDBC URL [Connecting through datasource 'HikariDataSource (HikariPool-1)']
	Database driver: undefined/unknown
	Database version: 11.5.2
	Autocommit mode: undefined/unknown
	Isolation level: undefined/unknown
	Minimum pool size: undefined/unknown
	Maximum pool size: undefined/unknown
2026-03-22 18:44:08 - HHH000489: No JTA platform available (set 'hibernate.transaction.jta.platform' to enable JTA platform integration)
2026-03-22 18:44:08 - Initialized JPA EntityManagerFactory for persistence unit 'default'
2026-03-22 18:44:08 - Hibernate is in classpath; If applicable, HQL parser will be used.
2026-03-22 18:44:09 - spring.jpa.open-in-view is enabled by default. Therefore, database queries may be performed during view rendering. Explicitly configure spring.jpa.open-in-view to disable this warning
2026-03-22 18:44:09 - Supporting [WS-Addressing August 2004, WS-Addressing 1.0]
2026-03-22 18:44:10 - Starting ProtocolHandler ["http-nio-8095"]
2026-03-22 18:44:10 - Tomcat started on port 8095 (http) with context path '/'
2026-03-22 18:44:10 - Started PulsogymApplication in 6.23 seconds (process running for 7.337)
2026-03-22 18:44:16 - Initializing Spring DispatcherServlet 'dispatcherServlet'
2026-03-22 18:44:16 - Initializing Servlet 'dispatcherServlet'
2026-03-22 18:44:16 - Completed initialization in 1 ms
2026-03-22 18:44:16 - Inicia registrar alumno PerfilAlumno(IdPerfilAlumno=null, idUsuario=null, idPerfilCoach=1, nombre=Juan, apellidop=cortes, apellidom=cruz, fechaNacimiento=1999-12-05, sexo=H, telefono=5572297492, correo=juadadassvgefgaszszzdsdssS7fa8@mail.com, frecuenciaEntrenamiento=1 a 2 dias, nivel=PRINCIPIANTE, fechaCreacion=null, fechaActualizacion=null, statusOnboarding=CREADO, objetivo=GANAR MASA MUSCULAR, activo=true)
2026-03-22 18:44:16 - Enviando usuario UsuarioRequest(correo=juadadassvgefgaszszzdsdssS7fa8@mail.com, contrasenia=null, rol=ALUMNO, activo=true)
2026-03-22 18:44:16 - recibiendo usaurio <200 OK OK,ResponseGenerico(data={id=69, correo=juadadassvgefgaszszzdsdssS7fa8@mail.com, rol=ALUMNO}, mensaje=Dato insertado correctamente, codigo=200, codigoError=null),[content-type:"application/json", date:"Mon, 23 Mar 2026 00:44:16 GMT", transfer-encoding:"chunked", vary:"Access-Control-Request-Headers", "Access-Control-Request-Method", "Origin"]>
2026-03-22 18:44:17 - SMTP Server Host: smtp.gmail.com
2026-03-22 18:44:17 - SMTP Server Port: 587
2026-03-22 18:44:19 - Correo enviado exitosamente.
2026-03-22 18:44:19 - Finaliza registrar alumno
2026-03-22 18:45:16 - Application shutdown requested.
2026-03-22 18:45:16 - Commencing graceful shutdown. Waiting for active requests to complete
2026-03-22 18:45:16 - Pausing ProtocolHandler ["http-nio-8095"]
2026-03-22 18:45:16 - Graceful shutdown complete
2026-03-22 18:45:16 - Stopping ProtocolHandler ["http-nio-8095"]
2026-03-22 18:45:16 - Closing JPA EntityManagerFactory for persistence unit 'default'
2026-03-22 18:45:16 - HikariPool-1 - Shutdown initiated...
2026-03-22 18:45:16 - HikariPool-1 - Shutdown completed.
2026-03-22 18:45:19 - Starting PulsogymApplication using Java 17.0.12 with PID 12380 (C:\Users\gmand\OneDrive\Escritorio\PULSO(GYM)\pulsogym\ms-pulso\target\classes started by gmand in C:\Users\gmand\OneDrive\Escritorio\PULSO(GYM)\pulsogym\ms-pulso)
2026-03-22 18:45:19 - No active profile set, falling back to 1 default profile: "default"
2026-03-22 18:45:20 - Bootstrapping Spring Data JPA repositories in DEFAULT mode.
2026-03-22 18:45:20 - Finished Spring Data repository scanning in 50 ms. Found 4 JPA repository interfaces.
2026-03-22 18:45:20 - BeanFactory id=a45c7ade-1d97-303a-9cf1-a1954fcbacde
2026-03-22 18:45:20 - Tomcat initialized with port 8095 (http)
2026-03-22 18:45:20 - Initializing ProtocolHandler ["http-nio-8095"]
2026-03-22 18:45:20 - Starting service [Tomcat]
2026-03-22 18:45:20 - Starting Servlet engine: [Apache Tomcat/10.1.42]
2026-03-22 18:45:21 - Initializing Spring embedded WebApplicationContext
2026-03-22 18:45:21 - Root WebApplicationContext: initialization completed in 1272 ms
2026-03-22 18:45:21 - HHH000204: Processing PersistenceUnitInfo [name: default]
2026-03-22 18:45:21 - HHH000412: Hibernate ORM core version 6.6.18.Final
2026-03-22 18:45:21 - HHH000026: Second-level cache disabled
2026-03-22 18:45:21 - No LoadTimeWeaver setup: ignoring JPA class transformer
2026-03-22 18:45:21 - HikariPool-1 - Starting...
2026-03-22 18:45:21 - HikariPool-1 - Added connection org.mariadb.jdbc.Connection@30bd39d5
2026-03-22 18:45:21 - HikariPool-1 - Start completed.
2026-03-22 18:45:21 - HHH90000025: MariaDBDialect does not need to be specified explicitly using 'hibernate.dialect' (remove the property setting and it will be selected by default)
2026-03-22 18:45:21 - HHH10001005: Database info:
	Database JDBC URL [Connecting through datasource 'HikariDataSource (HikariPool-1)']
	Database driver: undefined/unknown
	Database version: 11.5.2
	Autocommit mode: undefined/unknown
	Isolation level: undefined/unknown
	Minimum pool size: undefined/unknown
	Maximum pool size: undefined/unknown
2026-03-22 18:45:22 - HHH000489: No JTA platform available (set 'hibernate.transaction.jta.platform' to enable JTA platform integration)
2026-03-22 18:45:22 - Initialized JPA EntityManagerFactory for persistence unit 'default'
2026-03-22 18:45:22 - Hibernate is in classpath; If applicable, HQL parser will be used.
2026-03-22 18:45:23 - spring.jpa.open-in-view is enabled by default. Therefore, database queries may be performed during view rendering. Explicitly configure spring.jpa.open-in-view to disable this warning
2026-03-22 18:45:23 - Supporting [WS-Addressing August 2004, WS-Addressing 1.0]
2026-03-22 18:45:24 - Starting ProtocolHandler ["http-nio-8095"]
2026-03-22 18:45:24 - Tomcat started on port 8095 (http) with context path '/'
2026-03-22 18:45:24 - Started PulsogymApplication in 5.409 seconds (process running for 6.316)
2026-03-22 18:46:49 - Application shutdown requested.
2026-03-22 18:46:49 - Commencing graceful shutdown. Waiting for active requests to complete
2026-03-22 18:46:49 - Pausing ProtocolHandler ["http-nio-8095"]
2026-03-22 18:46:49 - Graceful shutdown complete
2026-03-22 18:46:49 - Stopping ProtocolHandler ["http-nio-8095"]
2026-03-22 18:46:49 - Closing JPA EntityManagerFactory for persistence unit 'default'
2026-03-22 18:46:49 - HikariPool-1 - Shutdown initiated...
2026-03-22 18:46:49 - HikariPool-1 - Shutdown completed.
2026-03-22 18:46:53 - Starting PulsogymApplication using Java 17.0.12 with PID 15940 (C:\Users\gmand\OneDrive\Escritorio\PULSO(GYM)\pulsogym\ms-pulso\target\classes started by gmand in C:\Users\gmand\OneDrive\Escritorio\PULSO(GYM)\pulsogym\ms-pulso)
2026-03-22 18:46:53 - No active profile set, falling back to 1 default profile: "default"
2026-03-22 18:46:54 - Bootstrapping Spring Data JPA repositories in DEFAULT mode.
2026-03-22 18:46:54 - Finished Spring Data repository scanning in 83 ms. Found 4 JPA repository interfaces.
2026-03-22 18:46:54 - BeanFactory id=a45c7ade-1d97-303a-9cf1-a1954fcbacde
2026-03-22 18:46:55 - Tomcat initialized with port 8095 (http)
2026-03-22 18:46:55 - Initializing ProtocolHandler ["http-nio-8095"]
2026-03-22 18:46:55 - Starting service [Tomcat]
2026-03-22 18:46:55 - Starting Servlet engine: [Apache Tomcat/10.1.42]
2026-03-22 18:46:55 - Initializing Spring embedded WebApplicationContext
2026-03-22 18:46:55 - Root WebApplicationContext: initialization completed in 1869 ms
2026-03-22 18:46:55 - HHH000204: Processing PersistenceUnitInfo [name: default]
2026-03-22 18:46:55 - HHH000412: Hibernate ORM core version 6.6.18.Final
2026-03-22 18:46:55 - HHH000026: Second-level cache disabled
2026-03-22 18:46:56 - No LoadTimeWeaver setup: ignoring JPA class transformer
2026-03-22 18:46:56 - HikariPool-1 - Starting...
2026-03-22 18:46:56 - HikariPool-1 - Added connection org.mariadb.jdbc.Connection@62360a68
2026-03-22 18:46:56 - HikariPool-1 - Start completed.
2026-03-22 18:46:56 - HHH90000025: MariaDBDialect does not need to be specified explicitly using 'hibernate.dialect' (remove the property setting and it will be selected by default)
2026-03-22 18:46:56 - HHH10001005: Database info:
	Database JDBC URL [Connecting through datasource 'HikariDataSource (HikariPool-1)']
	Database driver: undefined/unknown
	Database version: 11.5.2
	Autocommit mode: undefined/unknown
	Isolation level: undefined/unknown
	Minimum pool size: undefined/unknown
	Maximum pool size: undefined/unknown
2026-03-22 18:46:57 - HHH000489: No JTA platform available (set 'hibernate.transaction.jta.platform' to enable JTA platform integration)
2026-03-22 18:46:57 - Initialized JPA EntityManagerFactory for persistence unit 'default'
2026-03-22 18:46:57 - Hibernate is in classpath; If applicable, HQL parser will be used.
2026-03-22 18:46:58 - spring.jpa.open-in-view is enabled by default. Therefore, database queries may be performed during view rendering. Explicitly configure spring.jpa.open-in-view to disable this warning
2026-03-22 18:46:58 - Supporting [WS-Addressing August 2004, WS-Addressing 1.0]
2026-03-22 18:46:59 - Starting ProtocolHandler ["http-nio-8095"]
2026-03-22 18:46:59 - Tomcat started on port 8095 (http) with context path '/'
2026-03-22 18:46:59 - Started PulsogymApplication in 7.041 seconds (process running for 8.095)
2026-03-22 18:47:05 - Initializing Spring DispatcherServlet 'dispatcherServlet'
2026-03-22 18:47:05 - Initializing Servlet 'dispatcherServlet'
2026-03-22 18:47:05 - Completed initialization in 2 ms
2026-03-22 18:47:05 - Inicia registrar alumno PerfilAlumno(IdPerfilAlumno=null, idUsuario=null, idPerfilCoach=1, nombre=Juan, apellidop=cortes, apellidom=cruz, fechaNacimiento=1999-12-05, sexo=H, telefono=5572297492, correo=juadaadassvgefgaszszzdsdssS7fa8@mail.com, frecuenciaEntrenamiento=1 a 2 dias, nivel=PRINCIPIANTE, fechaCreacion=null, fechaActualizacion=null, statusOnboarding=CREADO, objetivo=GANAR MASA MUSCULAR, activo=true)
2026-03-22 18:47:05 - Enviando usuario UsuarioRequest(correo=juadaadassvgefgaszszzdsdssS7fa8@mail.com, contrasenia=null, rol=ALUMNO, activo=true)
2026-03-22 18:47:05 - recibiendo usaurio <200 OK OK,ResponseGenerico(data={id=70, correo=juadaadassvgefgaszszzdsdssS7fa8@mail.com, rol=ALUMNO}, mensaje=Dato insertado correctamente, codigo=200, codigoError=null),[content-type:"application/json", date:"Mon, 23 Mar 2026 00:47:05 GMT", transfer-encoding:"chunked", vary:"Access-Control-Request-Headers", "Access-Control-Request-Method", "Origin"]>
2026-03-22 18:47:06 - SMTP Server Host: smtp.gmail.com
2026-03-22 18:47:06 - SMTP Server Port: 587
2026-03-22 18:47:08 - Correo enviado exitosamente.
2026-03-22 18:47:08 - Finaliza registrar alumno
2026-03-22 18:47:43 - Application shutdown requested.
2026-03-22 18:47:43 - Commencing graceful shutdown. Waiting for active requests to complete
2026-03-22 18:47:43 - Pausing ProtocolHandler ["http-nio-8095"]
2026-03-22 18:47:43 - Graceful shutdown complete
2026-03-22 18:47:43 - Stopping ProtocolHandler ["http-nio-8095"]
2026-03-22 18:47:43 - Closing JPA EntityManagerFactory for persistence unit 'default'
2026-03-22 18:47:43 - HikariPool-1 - Shutdown initiated...
2026-03-22 18:47:43 - HikariPool-1 - Shutdown completed.
2026-03-22 18:47:47 - Starting PulsogymApplication using Java 17.0.12 with PID 13196 (C:\Users\gmand\OneDrive\Escritorio\PULSO(GYM)\pulsogym\ms-pulso\target\classes started by gmand in C:\Users\gmand\OneDrive\Escritorio\PULSO(GYM)\pulsogym\ms-pulso)
2026-03-22 18:47:47 - No active profile set, falling back to 1 default profile: "default"
2026-03-22 18:47:48 - Bootstrapping Spring Data JPA repositories in DEFAULT mode.
2026-03-22 18:47:48 - Finished Spring Data repository scanning in 55 ms. Found 4 JPA repository interfaces.
2026-03-22 18:47:48 - BeanFactory id=a45c7ade-1d97-303a-9cf1-a1954fcbacde
2026-03-22 18:47:48 - Tomcat initialized with port 8095 (http)
2026-03-22 18:47:48 - Initializing ProtocolHandler ["http-nio-8095"]
2026-03-22 18:47:48 - Starting service [Tomcat]
2026-03-22 18:47:48 - Starting Servlet engine: [Apache Tomcat/10.1.42]
2026-03-22 18:47:49 - Initializing Spring embedded WebApplicationContext
2026-03-22 18:47:49 - Root WebApplicationContext: initialization completed in 1471 ms
2026-03-22 18:47:49 - HHH000204: Processing PersistenceUnitInfo [name: default]
2026-03-22 18:47:49 - HHH000412: Hibernate ORM core version 6.6.18.Final
2026-03-22 18:47:49 - HHH000026: Second-level cache disabled
2026-03-22 18:47:49 - No LoadTimeWeaver setup: ignoring JPA class transformer
2026-03-22 18:47:49 - HikariPool-1 - Starting...
2026-03-22 18:47:49 - HikariPool-1 - Added connection org.mariadb.jdbc.Connection@30bd39d5
2026-03-22 18:47:49 - HikariPool-1 - Start completed.
2026-03-22 18:47:49 - HHH90000025: MariaDBDialect does not need to be specified explicitly using 'hibernate.dialect' (remove the property setting and it will be selected by default)
2026-03-22 18:47:49 - HHH10001005: Database info:
	Database JDBC URL [Connecting through datasource 'HikariDataSource (HikariPool-1)']
	Database driver: undefined/unknown
	Database version: 11.5.2
	Autocommit mode: undefined/unknown
	Isolation level: undefined/unknown
	Minimum pool size: undefined/unknown
	Maximum pool size: undefined/unknown
2026-03-22 18:47:50 - HHH000489: No JTA platform available (set 'hibernate.transaction.jta.platform' to enable JTA platform integration)
2026-03-22 18:47:50 - Initialized JPA EntityManagerFactory for persistence unit 'default'
2026-03-22 18:47:50 - Hibernate is in classpath; If applicable, HQL parser will be used.
2026-03-22 18:47:51 - spring.jpa.open-in-view is enabled by default. Therefore, database queries may be performed during view rendering. Explicitly configure spring.jpa.open-in-view to disable this warning
2026-03-22 18:47:51 - Supporting [WS-Addressing August 2004, WS-Addressing 1.0]
2026-03-22 18:47:52 - Starting ProtocolHandler ["http-nio-8095"]
2026-03-22 18:47:52 - Tomcat started on port 8095 (http) with context path '/'
2026-03-22 18:47:52 - Started PulsogymApplication in 5.766 seconds (process running for 6.796)
2026-03-22 18:47:58 - Initializing Spring DispatcherServlet 'dispatcherServlet'
2026-03-22 18:47:58 - Initializing Servlet 'dispatcherServlet'
2026-03-22 18:47:58 - Completed initialization in 2 ms
2026-03-22 18:47:58 - Inicia registrar alumno PerfilAlumno(IdPerfilAlumno=null, idUsuario=null, idPerfilCoach=1, nombre=Juan, apellidop=cortes, apellidom=cruz, fechaNacimiento=1999-12-05, sexo=H, telefono=5572297492, correo=juadaadassvgefgaaszszzdsdssS7fa8@mail.com, frecuenciaEntrenamiento=1 a 2 dias, nivel=PRINCIPIANTE, fechaCreacion=null, fechaActualizacion=null, statusOnboarding=CREADO, objetivo=GANAR MASA MUSCULAR, activo=true)
2026-03-22 18:47:58 - Enviando usuario UsuarioRequest(correo=juadaadassvgefgaaszszzdsdssS7fa8@mail.com, contrasenia=null, rol=ALUMNO, activo=true)
2026-03-22 18:47:58 - recibiendo usaurio <200 OK OK,ResponseGenerico(data={id=71, correo=juadaadassvgefgaaszszzdsdssS7fa8@mail.com, rol=ALUMNO}, mensaje=Dato insertado correctamente, codigo=200, codigoError=null),[content-type:"application/json", date:"Mon, 23 Mar 2026 00:47:58 GMT", transfer-encoding:"chunked", vary:"Access-Control-Request-Headers", "Access-Control-Request-Method", "Origin"]>
2026-03-22 18:47:58 - SMTP Server Host: smtp.gmail.com
2026-03-22 18:47:58 - SMTP Server Port: 587
2026-03-22 18:48:02 - Correo enviado exitosamente.
2026-03-22 18:48:02 - Finaliza registrar alumno
2026-03-22 18:56:27 - Application shutdown requested.
2026-03-22 18:56:27 - Commencing graceful shutdown. Waiting for active requests to complete
2026-03-22 18:56:27 - Pausing ProtocolHandler ["http-nio-8095"]
2026-03-22 18:56:27 - Graceful shutdown complete
2026-03-22 18:56:27 - Stopping ProtocolHandler ["http-nio-8095"]
2026-03-22 18:56:27 - Closing JPA EntityManagerFactory for persistence unit 'default'
2026-03-22 18:56:27 - HikariPool-1 - Shutdown initiated...
2026-03-22 18:56:27 - HikariPool-1 - Shutdown completed.
2026-03-22 18:56:30 - Starting PulsogymApplication using Java 17.0.12 with PID 13456 (C:\Users\gmand\OneDrive\Escritorio\PULSO(GYM)\pulsogym\ms-pulso\target\classes started by gmand in C:\Users\gmand\OneDrive\Escritorio\PULSO(GYM)\pulsogym\ms-pulso)
2026-03-22 18:56:30 - No active profile set, falling back to 1 default profile: "default"
2026-03-22 18:56:31 - Bootstrapping Spring Data JPA repositories in DEFAULT mode.
2026-03-22 18:56:31 - Finished Spring Data repository scanning in 60 ms. Found 4 JPA repository interfaces.
2026-03-22 18:56:31 - BeanFactory id=a45c7ade-1d97-303a-9cf1-a1954fcbacde
2026-03-22 18:56:32 - Tomcat initialized with port 8095 (http)
2026-03-22 18:56:32 - Initializing ProtocolHandler ["http-nio-8095"]
2026-03-22 18:56:32 - Starting service [Tomcat]
2026-03-22 18:56:32 - Starting Servlet engine: [Apache Tomcat/10.1.42]
2026-03-22 18:56:32 - Initializing Spring embedded WebApplicationContext
2026-03-22 18:56:32 - Root WebApplicationContext: initialization completed in 1756 ms
2026-03-22 18:56:32 - HHH000204: Processing PersistenceUnitInfo [name: default]
2026-03-22 18:56:32 - HHH000412: Hibernate ORM core version 6.6.18.Final
2026-03-22 18:56:32 - HHH000026: Second-level cache disabled
2026-03-22 18:56:33 - No LoadTimeWeaver setup: ignoring JPA class transformer
2026-03-22 18:56:33 - HikariPool-1 - Starting...
2026-03-22 18:56:33 - HikariPool-1 - Added connection org.mariadb.jdbc.Connection@1c31de5d
2026-03-22 18:56:33 - HikariPool-1 - Start completed.
2026-03-22 18:56:33 - HHH90000025: MariaDBDialect does not need to be specified explicitly using 'hibernate.dialect' (remove the property setting and it will be selected by default)
2026-03-22 18:56:33 - HHH10001005: Database info:
	Database JDBC URL [Connecting through datasource 'HikariDataSource (HikariPool-1)']
	Database driver: undefined/unknown
	Database version: 11.5.2
	Autocommit mode: undefined/unknown
	Isolation level: undefined/unknown
	Minimum pool size: undefined/unknown
	Maximum pool size: undefined/unknown
2026-03-22 18:56:34 - HHH000489: No JTA platform available (set 'hibernate.transaction.jta.platform' to enable JTA platform integration)
2026-03-22 18:56:34 - Initialized JPA EntityManagerFactory for persistence unit 'default'
2026-03-22 18:56:34 - Hibernate is in classpath; If applicable, HQL parser will be used.
2026-03-22 18:56:35 - spring.jpa.open-in-view is enabled by default. Therefore, database queries may be performed during view rendering. Explicitly configure spring.jpa.open-in-view to disable this warning
2026-03-22 18:56:35 - Supporting [WS-Addressing August 2004, WS-Addressing 1.0]
2026-03-22 18:56:35 - Starting ProtocolHandler ["http-nio-8095"]
2026-03-22 18:56:36 - Tomcat started on port 8095 (http) with context path '/'
2026-03-22 18:56:36 - Started PulsogymApplication in 6.598 seconds (process running for 7.592)
2026-03-22 18:56:51 - Initializing Spring DispatcherServlet 'dispatcherServlet'
2026-03-22 18:56:51 - Initializing Servlet 'dispatcherServlet'
2026-03-22 18:56:51 - Completed initialization in 1 ms
2026-03-22 18:56:52 - Inicia registrar alumno PerfilAlumno(IdPerfilAlumno=null, idUsuario=null, idPerfilCoach=1, nombre=Juan, apellidop=cortes, apellidom=cruz, fechaNacimiento=1999-12-05, sexo=H, telefono=5572297492, correo=juadaasdassvgefgaaszszzdsdssS7fa8@mail.com, frecuenciaEntrenamiento=1 a 2 dias, nivel=PRINCIPIANTE, fechaCreacion=null, fechaActualizacion=null, statusOnboarding=CREADO, objetivo=GANAR MASA MUSCULAR, activo=true)
2026-03-22 18:56:52 - Enviando usuario UsuarioRequest(correo=juadaasdassvgefgaaszszzdsdssS7fa8@mail.com, contrasenia=null, rol=ALUMNO, activo=true)
2026-03-22 18:56:52 - recibiendo usaurio <200 OK OK,ResponseGenerico(data={id=72, correo=juadaasdassvgefgaaszszzdsdssS7fa8@mail.com, rol=ALUMNO}, mensaje=Dato insertado correctamente, codigo=200, codigoError=null),[content-type:"application/json", date:"Mon, 23 Mar 2026 00:56:52 GMT", transfer-encoding:"chunked", vary:"Access-Control-Request-Headers", "Access-Control-Request-Method", "Origin"]>
2026-03-22 18:56:52 - Error: 1054-42S22: Unknown column 'fecha_expiracion' in 'field list'
2026-03-22 18:56:52 - SQL Error: 1054, SQLState: 42S22
2026-03-22 18:56:52 - (conn=125) Unknown column 'fecha_expiracion' in 'field list'
2026-03-22 18:58:08 - Inicia registrar alumno PerfilAlumno(IdPerfilAlumno=null, idUsuario=null, idPerfilCoach=1, nombre=Juan, apellidop=cortes, apellidom=cruz, fechaNacimiento=1999-12-05, sexo=H, telefono=5572297492, correo=juadaasdassvgefgaaszszzdsdssS7fa8@mail.com, frecuenciaEntrenamiento=1 a 2 dias, nivel=PRINCIPIANTE, fechaCreacion=null, fechaActualizacion=null, statusOnboarding=CREADO, objetivo=GANAR MASA MUSCULAR, activo=true)
2026-03-22 18:58:08 - Enviando usuario UsuarioRequest(correo=juadaasdassvgefgaaszszzdsdssS7fa8@mail.com, contrasenia=null, rol=ALUMNO, activo=true)
2026-03-22 18:58:08 - recibiendo usaurio <200 OK OK,ResponseGenerico(data=null, mensaje=Ocurrio un error al insertar dato, codigo=500, codigoError=673ea187-481b-43ea-b3b4-1e2a4cd0986b),[content-type:"application/json", date:"Mon, 23 Mar 2026 00:58:08 GMT", transfer-encoding:"chunked", vary:"Access-Control-Request-Headers", "Access-Control-Request-Method", "Origin"]>
2026-03-22 18:58:17 - Inicia registrar alumno PerfilAlumno(IdPerfilAlumno=null, idUsuario=null, idPerfilCoach=1, nombre=Juan, apellidop=cortes, apellidom=cruz, fechaNacimiento=1999-12-05, sexo=H, telefono=5572297492, correo=juadaasdasszszzdsdssS7fa8@mail.com, frecuenciaEntrenamiento=1 a 2 dias, nivel=PRINCIPIANTE, fechaCreacion=null, fechaActualizacion=null, statusOnboarding=CREADO, objetivo=GANAR MASA MUSCULAR, activo=true)
2026-03-22 18:58:17 - Enviando usuario UsuarioRequest(correo=juadaasdasszszzdsdssS7fa8@mail.com, contrasenia=null, rol=ALUMNO, activo=true)
2026-03-22 18:58:17 - recibiendo usaurio <200 OK OK,ResponseGenerico(data={id=74, correo=juadaasdasszszzdsdssS7fa8@mail.com, rol=ALUMNO}, mensaje=Dato insertado correctamente, codigo=200, codigoError=null),[content-type:"application/json", date:"Mon, 23 Mar 2026 00:58:17 GMT", transfer-encoding:"chunked", vary:"Access-Control-Request-Headers", "Access-Control-Request-Method", "Origin"]>
2026-03-22 18:58:18 - SMTP Server Host: smtp.gmail.com
2026-03-22 18:58:18 - SMTP Server Port: 587
2026-03-22 18:58:21 - Correo enviado exitosamente.
2026-03-22 18:58:21 - Finaliza registrar alumno
2026-03-22 19:00:03 - Inicia registrar alumno PerfilAlumno(IdPerfilAlumno=null, idUsuario=null, idPerfilCoach=1, nombre=Juan, apellidop=cortes, apellidom=cruz, fechaNacimiento=1999-12-05, sexo=H, telefono=5572297492, correo=juadaasdasszszzdsdssS7fa8@mail.com, frecuenciaEntrenamiento=1 a 2 dias, nivel=PRINCIPIANTE, fechaCreacion=null, fechaActualizacion=null, statusOnboarding=CREADO, objetivo=GANAR MASA MUSCULAR, activo=true)
2026-03-22 19:00:03 - Enviando usuario UsuarioRequest(correo=juadaasdasszszzdsdssS7fa8@mail.com, contrasenia=null, rol=ALUMNO, activo=true)
2026-03-22 19:00:03 - recibiendo usaurio <200 OK OK,ResponseGenerico(data=null, mensaje=Ocurrio un error al insertar dato, codigo=500, codigoError=90e3adc2-1ad1-437d-9a84-dd5dfb63d43e),[content-type:"application/json", date:"Mon, 23 Mar 2026 01:00:03 GMT", transfer-encoding:"chunked", vary:"Access-Control-Request-Headers", "Access-Control-Request-Method", "Origin"]>
2026-03-22 19:02:54 - Application shutdown requested.
2026-03-22 19:02:54 - Commencing graceful shutdown. Waiting for active requests to complete
2026-03-22 19:02:54 - Pausing ProtocolHandler ["http-nio-8095"]
2026-03-22 19:02:54 - Graceful shutdown complete
2026-03-22 19:02:54 - Stopping ProtocolHandler ["http-nio-8095"]
2026-03-22 19:02:54 - Closing JPA EntityManagerFactory for persistence unit 'default'
2026-03-22 19:02:54 - HikariPool-1 - Shutdown initiated...
2026-03-22 19:02:54 - HikariPool-1 - Shutdown completed.
2026-03-22 19:02:59 - Starting PulsogymApplication using Java 17.0.12 with PID 18796 (C:\Users\gmand\OneDrive\Escritorio\PULSO(GYM)\pulsogym\ms-pulso\target\classes started by gmand in C:\Users\gmand\OneDrive\Escritorio\PULSO(GYM)\pulsogym\ms-pulso)
2026-03-22 19:02:59 - No active profile set, falling back to 1 default profile: "default"
2026-03-22 19:03:00 - Bootstrapping Spring Data JPA repositories in DEFAULT mode.
2026-03-22 19:03:00 - Finished Spring Data repository scanning in 98 ms. Found 4 JPA repository interfaces.
2026-03-22 19:03:00 - BeanFactory id=a45c7ade-1d97-303a-9cf1-a1954fcbacde
2026-03-22 19:03:01 - Tomcat initialized with port 8095 (http)
2026-03-22 19:03:01 - Initializing ProtocolHandler ["http-nio-8095"]
2026-03-22 19:03:01 - Starting service [Tomcat]
2026-03-22 19:03:01 - Starting Servlet engine: [Apache Tomcat/10.1.42]
2026-03-22 19:03:01 - Initializing Spring embedded WebApplicationContext
2026-03-22 19:03:01 - Root WebApplicationContext: initialization completed in 1840 ms
2026-03-22 19:03:01 - HHH000204: Processing PersistenceUnitInfo [name: default]
2026-03-22 19:03:01 - HHH000412: Hibernate ORM core version 6.6.18.Final
2026-03-22 19:03:01 - HHH000026: Second-level cache disabled
2026-03-22 19:03:02 - No LoadTimeWeaver setup: ignoring JPA class transformer
2026-03-22 19:03:02 - HikariPool-1 - Starting...
2026-03-22 19:03:02 - HikariPool-1 - Added connection org.mariadb.jdbc.Connection@5a2f401a
2026-03-22 19:03:02 - HikariPool-1 - Start completed.
2026-03-22 19:03:02 - HHH90000025: MariaDBDialect does not need to be specified explicitly using 'hibernate.dialect' (remove the property setting and it will be selected by default)
2026-03-22 19:03:02 - HHH10001005: Database info:
	Database JDBC URL [Connecting through datasource 'HikariDataSource (HikariPool-1)']
	Database driver: undefined/unknown
	Database version: 11.5.2
	Autocommit mode: undefined/unknown
	Isolation level: undefined/unknown
	Minimum pool size: undefined/unknown
	Maximum pool size: undefined/unknown
2026-03-22 19:03:03 - HHH000489: No JTA platform available (set 'hibernate.transaction.jta.platform' to enable JTA platform integration)
2026-03-22 19:03:03 - Initialized JPA EntityManagerFactory for persistence unit 'default'
2026-03-22 19:03:03 - Hibernate is in classpath; If applicable, HQL parser will be used.
2026-03-22 19:03:04 - spring.jpa.open-in-view is enabled by default. Therefore, database queries may be performed during view rendering. Explicitly configure spring.jpa.open-in-view to disable this warning
2026-03-22 19:03:04 - Supporting [WS-Addressing August 2004, WS-Addressing 1.0]
2026-03-22 19:03:05 - Starting ProtocolHandler ["http-nio-8095"]
2026-03-22 19:03:05 - Tomcat started on port 8095 (http) with context path '/'
2026-03-22 19:03:05 - Started PulsogymApplication in 6.797 seconds (process running for 7.845)
2026-03-22 19:03:12 - Initializing Spring DispatcherServlet 'dispatcherServlet'
2026-03-22 19:03:12 - Initializing Servlet 'dispatcherServlet'
2026-03-22 19:03:12 - Completed initialization in 2 ms
2026-03-22 19:03:12 - Inicia registrar alumno PerfilAlumno(IdPerfilAlumno=null, idUsuario=null, idPerfilCoach=1, nombre=Juan, apellidop=cortes, apellidom=cruz, fechaNacimiento=1999-12-05, sexo=H, telefono=5572297492, correo=juadaasdasszszzdsdssS7fa8@mail.com, frecuenciaEntrenamiento=1 a 2 dias, nivel=PRINCIPIANTE, fechaCreacion=null, fechaActualizacion=null, statusOnboarding=CREADO, objetivo=GANAR MASA MUSCULAR, activo=true)
2026-03-22 19:03:12 - Enviando usuario UsuarioRequest(correo=juadaasdasszszzdsdssS7fa8@mail.com, contrasenia=null, rol=ALUMNO, activo=true)
2026-03-22 19:03:12 - recibiendo usaurio <200 OK OK,ResponseGenerico(data=null, mensaje=Ocurrio un error al insertar dato, codigo=500, codigoError=0daad0e1-51c2-4850-b471-36ddddabbb79),[content-type:"application/json", date:"Mon, 23 Mar 2026 01:03:12 GMT", transfer-encoding:"chunked", vary:"Access-Control-Request-Headers", "Access-Control-Request-Method", "Origin"]>
2026-03-22 19:04:38 - Inicia registrar alumno PerfilAlumno(IdPerfilAlumno=null, idUsuario=null, idPerfilCoach=1, nombre=Juan, apellidop=cortes, apellidom=cruz, fechaNacimiento=1999-12-05, sexo=H, telefono=5572297492, correo=juadaasdasszszzdsdssS7fa8@mail.com, frecuenciaEntrenamiento=1 a 2 dias, nivel=PRINCIPIANTE, fechaCreacion=null, fechaActualizacion=null, statusOnboarding=CREADO, objetivo=GANAR MASA MUSCULAR, activo=true)
2026-03-22 19:04:38 - Enviando usuario UsuarioRequest(correo=juadaasdasszszzdsdssS7fa8@mail.com, contrasenia=null, rol=ALUMNO, activo=true)
2026-03-22 19:04:38 - recibiendo usaurio <200 OK OK,ResponseGenerico(data=null, mensaje=Ocurrio un error al insertar dato, codigo=500, codigoError=c097a85c-1120-4bb4-919e-690dabc2bb6f),[content-type:"application/json", date:"Mon, 23 Mar 2026 01:04:38 GMT", transfer-encoding:"chunked", vary:"Access-Control-Request-Headers", "Access-Control-Request-Method", "Origin"]>
2026-03-23 13:11:09 - Starting PulsogymApplication using Java 17.0.12 with PID 17768 (C:\Users\gmand\OneDrive\Escritorio\PULSO(GYM)\pulsogym\ms-pulso\target\classes started by gmand in C:\Users\gmand\OneDrive\Escritorio\PULSO(GYM)\pulsogym\ms-pulso)
2026-03-23 13:11:09 - No active profile set, falling back to 1 default profile: "default"
2026-03-23 13:11:10 - Bootstrapping Spring Data JPA repositories in DEFAULT mode.
2026-03-23 13:11:10 - Finished Spring Data repository scanning in 61 ms. Found 4 JPA repository interfaces.
2026-03-23 13:11:10 - BeanFactory id=a45c7ade-1d97-303a-9cf1-a1954fcbacde
2026-03-23 13:11:10 - Tomcat initialized with port 8095 (http)
2026-03-23 13:11:10 - Initializing ProtocolHandler ["http-nio-8095"]
2026-03-23 13:11:10 - Starting service [Tomcat]
2026-03-23 13:11:10 - Starting Servlet engine: [Apache Tomcat/10.1.42]
2026-03-23 13:11:10 - Initializing Spring embedded WebApplicationContext
2026-03-23 13:11:10 - Root WebApplicationContext: initialization completed in 1703 ms
2026-03-23 13:11:11 - HHH000204: Processing PersistenceUnitInfo [name: default]
2026-03-23 13:11:11 - HHH000412: Hibernate ORM core version 6.6.18.Final
2026-03-23 13:11:11 - HHH000026: Second-level cache disabled
2026-03-23 13:11:11 - No LoadTimeWeaver setup: ignoring JPA class transformer
2026-03-23 13:11:11 - HikariPool-1 - Starting...
2026-03-23 13:11:11 - HikariPool-1 - Added connection org.mariadb.jdbc.Connection@54556723
2026-03-23 13:11:11 - HikariPool-1 - Start completed.
2026-03-23 13:11:11 - HHH90000025: MariaDBDialect does not need to be specified explicitly using 'hibernate.dialect' (remove the property setting and it will be selected by default)
2026-03-23 13:11:11 - HHH10001005: Database info:
	Database JDBC URL [Connecting through datasource 'HikariDataSource (HikariPool-1)']
	Database driver: undefined/unknown
	Database version: 11.5.2
	Autocommit mode: undefined/unknown
	Isolation level: undefined/unknown
	Minimum pool size: undefined/unknown
	Maximum pool size: undefined/unknown
2026-03-23 13:11:12 - HHH000489: No JTA platform available (set 'hibernate.transaction.jta.platform' to enable JTA platform integration)
2026-03-23 13:11:12 - Initialized JPA EntityManagerFactory for persistence unit 'default'
2026-03-23 13:11:13 - Hibernate is in classpath; If applicable, HQL parser will be used.
2026-03-23 13:11:13 - spring.jpa.open-in-view is enabled by default. Therefore, database queries may be performed during view rendering. Explicitly configure spring.jpa.open-in-view to disable this warning
2026-03-23 13:11:14 - Supporting [WS-Addressing August 2004, WS-Addressing 1.0]
2026-03-23 13:11:14 - Starting ProtocolHandler ["http-nio-8095"]
2026-03-23 13:11:14 - Tomcat started on port 8095 (http) with context path '/'
2026-03-23 13:11:15 - Started PulsogymApplication in 6.672 seconds (process running for 7.924)
2026-03-23 14:16:11 - Initializing Spring DispatcherServlet 'dispatcherServlet'
2026-03-23 14:16:11 - Initializing Servlet 'dispatcherServlet'
2026-03-23 14:16:11 - Completed initialization in 19 ms
2026-03-23 14:16:12 - Inicia registrar alumno PerfilAlumno(IdPerfilAlumno=null, idUsuario=null, idPerfilCoach=1, nombre=Juan, apellidop=cortes, apellidom=cruz, fechaNacimiento=1999-12-05, sexo=H, telefono=5572297492, correo=juadaasdasszszzdsdssS7fa8@mail.com, frecuenciaEntrenamiento=1 a 2 dias, nivel=PRINCIPIANTE, fechaCreacion=null, fechaActualizacion=null, statusOnboarding=CREADO, objetivo=GANAR MASA MUSCULAR, activo=null)
2026-03-23 14:16:12 - Enviando usuario UsuarioRequest(correo=juadaasdasszszzdsdssS7fa8@mail.com, contrasenia=null, rol=ALUMNO, activo=true)
2026-03-23 14:16:12 - recibiendo usaurio <200 OK OK,ResponseGenerico(data=null, mensaje=Ocurrio un error al insertar dato, codigo=500, codigoError=0a657f4d-4107-41ea-aafe-f81a152a8a73),[content-type:"application/json", date:"Mon, 23 Mar 2026 20:16:12 GMT", transfer-encoding:"chunked", vary:"Access-Control-Request-Headers", "Access-Control-Request-Method", "Origin"]>
2026-03-23 14:16:19 - Inicia registrar alumno PerfilAlumno(IdPerfilAlumno=null, idUsuario=null, idPerfilCoach=1, nombre=Juan, apellidop=cortes, apellidom=cruz, fechaNacimiento=1999-12-05, sexo=H, telefono=5572297492, correo=gh@mail.com, frecuenciaEntrenamiento=1 a 2 dias, nivel=PRINCIPIANTE, fechaCreacion=null, fechaActualizacion=null, statusOnboarding=CREADO, objetivo=GANAR MASA MUSCULAR, activo=null)
2026-03-23 14:16:19 - Enviando usuario UsuarioRequest(correo=gh@mail.com, contrasenia=null, rol=ALUMNO, activo=true)
2026-03-23 14:16:19 - recibiendo usaurio <200 OK OK,ResponseGenerico(data={id=79, correo=gh@mail.com, rol=ALUMNO}, mensaje=Dato insertado correctamente, codigo=200, codigoError=null),[content-type:"application/json", date:"Mon, 23 Mar 2026 20:16:19 GMT", transfer-encoding:"chunked", vary:"Access-Control-Request-Headers", "Access-Control-Request-Method", "Origin"]>
2026-03-23 14:16:19 - SMTP Server Host: smtp.gmail.com
2026-03-23 14:16:19 - SMTP Server Port: 587
2026-03-23 14:16:23 - Correo enviado exitosamente.
2026-03-23 14:16:23 - Finaliza registrar alumno
2026-03-23 19:31:40 - Inicia registrar alumno PerfilAlumno(IdPerfilAlumno=null, idUsuario=null, idPerfilCoach=1, nombre=asas, apellidop=asas, apellidom=asas, fechaNacimiento=2026-03-18, sexo=h, telefono=null, correo=asasasas@gmail.com, frecuenciaEntrenamiento=null, nivel=null, fechaCreacion=null, fechaActualizacion=null, statusOnboarding=CREADO, objetivo=HIERTROFIA, activo=null)
2026-03-23 19:31:40 - Enviando usuario UsuarioRequest(correo=asasasas@gmail.com, contrasenia=null, rol=ALUMNO, activo=true)
2026-03-23 19:31:41 - recibiendo usaurio <200 OK OK,ResponseGenerico(data={id=80, correo=asasasas@gmail.com, rol=ALUMNO}, mensaje=Dato insertado correctamente, codigo=200, codigoError=null),[content-type:"application/json", date:"Tue, 24 Mar 2026 01:31:41 GMT", transfer-encoding:"chunked", vary:"Access-Control-Request-Headers", "Access-Control-Request-Method", "Origin"]>
2026-03-23 19:31:41 - SMTP Server Host: smtp.gmail.com
2026-03-23 19:31:41 - SMTP Server Port: 587
2026-03-23 19:31:43 - Correo enviado exitosamente.
2026-03-23 19:31:43 - Error: 1048-23000: Column 'frecuencia_entrenamiento' cannot be null
2026-03-23 19:31:44 - SQL Error: 1048, SQLState: 23000
2026-03-23 19:31:44 - (conn=283) Column 'frecuencia_entrenamiento' cannot be null
2026-03-23 19:32:40 - Inicia registrar alumno PerfilAlumno(IdPerfilAlumno=null, idUsuario=null, idPerfilCoach=1, nombre=asas, apellidop=asas, apellidom=asas, fechaNacimiento=, sexo=h, telefono=null, correo=aassa@gmail.com, frecuenciaEntrenamiento=null, nivel=null, fechaCreacion=null, fechaActualizacion=null, statusOnboarding=CREADO, objetivo=HIERTROFIA, activo=null)
2026-03-23 19:32:40 - Enviando usuario UsuarioRequest(correo=aassa@gmail.com, contrasenia=null, rol=ALUMNO, activo=true)
2026-03-23 19:32:40 - recibiendo usaurio <200 OK OK,ResponseGenerico(data={id=81, correo=aassa@gmail.com, rol=ALUMNO}, mensaje=Dato insertado correctamente, codigo=200, codigoError=null),[content-type:"application/json", date:"Tue, 24 Mar 2026 01:32:40 GMT", transfer-encoding:"chunked", vary:"Access-Control-Request-Headers", "Access-Control-Request-Method", "Origin"]>
2026-03-23 19:32:40 - SMTP Server Host: smtp.gmail.com
2026-03-23 19:32:40 - SMTP Server Port: 587
2026-03-23 19:32:41 - Correo enviado exitosamente.
2026-03-23 19:32:41 - Error: 1292-22007: Incorrect date value: '' for column `pulso_db`.`perfil_alumno`.`fecha_nacimiento` at row 1
2026-03-23 19:32:41 - SQL Error: 1292, SQLState: 22007
2026-03-23 19:32:41 - (conn=283) Incorrect date value: '' for column `pulso_db`.`perfil_alumno`.`fecha_nacimiento` at row 1
2026-03-23 19:37:55 - Inicia registrar alumno PerfilAlumno(IdPerfilAlumno=null, idUsuario=null, idPerfilCoach=1, nombre=Gerardo, apellidop=,Mandujano, apellidom=Roldan, fechaNacimiento=1993-11-02, sexo=h, telefono=54287485, correo=gmandujanaaaaa@gmail.com, frecuenciaEntrenamiento=null, nivel=null, fechaCreacion=null, fechaActualizacion=null, statusOnboarding=CREADO, objetivo=GANAR MASA MUSCULAR, activo=null)
2026-03-23 19:37:55 - Enviando usuario UsuarioRequest(correo=gmandujanaaaaa@gmail.com, contrasenia=null, rol=ALUMNO, activo=true)
2026-03-23 19:37:56 - recibiendo usaurio <200 OK OK,ResponseGenerico(data={id=82, correo=gmandujanaaaaa@gmail.com, rol=ALUMNO}, mensaje=Dato insertado correctamente, codigo=200, codigoError=null),[content-type:"application/json", date:"Tue, 24 Mar 2026 01:37:56 GMT", transfer-encoding:"chunked", vary:"Access-Control-Request-Headers", "Access-Control-Request-Method", "Origin"]>
2026-03-23 19:37:56 - SMTP Server Host: smtp.gmail.com
2026-03-23 19:37:56 - SMTP Server Port: 587
2026-03-23 19:37:58 - Correo enviado exitosamente.
2026-03-23 19:37:58 - Error: 1048-23000: Column 'frecuencia_entrenamiento' cannot be null
2026-03-23 19:37:58 - SQL Error: 1048, SQLState: 23000
2026-03-23 19:37:58 - (conn=286) Column 'frecuencia_entrenamiento' cannot be null
2026-03-23 19:40:39 - Inicia registrar alumno PerfilAlumno(IdPerfilAlumno=null, idUsuario=null, idPerfilCoach=1, nombre=CECILIA, apellidop=ACOSTA, apellidom=MARTINEZ, fechaNacimiento=1987-01-06, sexo=m, telefono=54287485, correo=cecilia.acosta.mtz@gmail.com, frecuenciaEntrenamiento=1 A 2 DIAS, nivel=null, fechaCreacion=null, fechaActualizacion=null, statusOnboarding=CREADO, objetivo=BAJAR DE PESO, activo=null)
2026-03-23 19:40:39 - Enviando usuario UsuarioRequest(correo=cecilia.acosta.mtz@gmail.com, contrasenia=null, rol=ALUMNO, activo=true)
2026-03-23 19:40:39 - recibiendo usaurio <200 OK OK,ResponseGenerico(data={id=83, correo=cecilia.acosta.mtz@gmail.com, rol=ALUMNO}, mensaje=Dato insertado correctamente, codigo=200, codigoError=null),[content-type:"application/json", date:"Tue, 24 Mar 2026 01:40:39 GMT", transfer-encoding:"chunked", vary:"Access-Control-Request-Headers", "Access-Control-Request-Method", "Origin"]>
2026-03-23 19:40:39 - SMTP Server Host: smtp.gmail.com
2026-03-23 19:40:39 - SMTP Server Port: 587
2026-03-23 19:40:41 - Correo enviado exitosamente.
2026-03-23 19:40:41 - Finaliza registrar alumno
2026-03-23 20:17:48 - Inicia registrar alumno PerfilAlumno(IdPerfilAlumno=null, idUsuario=null, idPerfilCoach=1, nombre=ssdfsdf, apellidop=sdfsdf, apellidom=sdfsdf, fechaNacimiento=2026-03-17, sexo=h, telefono=54287485, correo=dfsdfsdf@gmail.com, frecuenciaEntrenamiento=1 A 2 DIAS, nivel=null, fechaCreacion=null, fechaActualizacion=null, statusOnboarding=CREADO, objetivo=HIERTROFIA, activo=null)
2026-03-23 20:17:48 - Enviando usuario UsuarioRequest(correo=dfsdfsdf@gmail.com, contrasenia=null, rol=ALUMNO, activo=true)
2026-03-23 20:17:48 - recibiendo usaurio <200 OK OK,ResponseGenerico(data={id=84, correo=dfsdfsdf@gmail.com, rol=ALUMNO}, mensaje=Dato insertado correctamente, codigo=200, codigoError=null),[content-type:"application/json", date:"Tue, 24 Mar 2026 02:17:48 GMT", transfer-encoding:"chunked", vary:"Access-Control-Request-Headers", "Access-Control-Request-Method", "Origin"]>
2026-03-23 20:17:49 - SMTP Server Host: smtp.gmail.com
2026-03-23 20:17:49 - SMTP Server Port: 587
2026-03-23 20:17:52 - Correo enviado exitosamente.
2026-03-23 20:17:52 - Finaliza registrar alumno
2026-03-23 20:27:38 - Inicia registrar alumno PerfilAlumno(IdPerfilAlumno=null, idUsuario=null, idPerfilCoach=1, nombre=alumno, apellidop=aaaa, apellidom=ssss, fechaNacimiento=2026-03-17, sexo=h, telefono=54287485, correo=alumno@gmail.com, frecuenciaEntrenamiento=1 A 2 DIAS, nivel=null, fechaCreacion=null, fechaActualizacion=null, statusOnboarding=CREADO, objetivo=GANAR MASA MUSCULAR, activo=null)
2026-03-23 20:27:38 - Enviando usuario UsuarioRequest(correo=alumno@gmail.com, contrasenia=null, rol=ALUMNO, activo=true)
2026-03-23 20:27:38 - recibiendo usaurio <200 OK OK,ResponseGenerico(data={idUsuario=null, correo=alumno@gmail.com, contrasenia=null, rol=ALUMNO, activo=true}, mensaje=Dato insertado correctamente, codigo=200, codigoError=null),[content-type:"application/json", date:"Tue, 24 Mar 2026 02:27:38 GMT", transfer-encoding:"chunked", vary:"Access-Control-Request-Headers", "Access-Control-Request-Method", "Origin"]>
2026-03-23 20:28:09 - Inicia registrar alumno PerfilAlumno(IdPerfilAlumno=null, idUsuario=null, idPerfilCoach=1, nombre=alumno, apellidop=aaaa, apellidom=ssss, fechaNacimiento=2026-03-17, sexo=h, telefono=54287485, correo=alumno@gmail.com, frecuenciaEntrenamiento=1 A 2 DIAS, nivel=null, fechaCreacion=null, fechaActualizacion=null, statusOnboarding=CREADO, objetivo=GANAR MASA MUSCULAR, activo=null)
2026-03-23 20:28:09 - Enviando usuario UsuarioRequest(correo=alumno@gmail.com, contrasenia=null, rol=ALUMNO, activo=true)
2026-03-23 20:28:09 - recibiendo usaurio <200 OK OK,ResponseGenerico(data={idUsuario=null, correo=alumno@gmail.com, contrasenia=null, rol=ALUMNO, activo=true}, mensaje=Dato insertado correctamente, codigo=200, codigoError=null),[content-type:"application/json", date:"Tue, 24 Mar 2026 02:28:09 GMT", transfer-encoding:"chunked", vary:"Access-Control-Request-Headers", "Access-Control-Request-Method", "Origin"]>
2026-03-23 20:29:09 - Inicia registrar alumno PerfilAlumno(IdPerfilAlumno=null, idUsuario=null, idPerfilCoach=1, nombre=alumno, apellidop=aaaa, apellidom=ssss, fechaNacimiento=2026-03-17, sexo=h, telefono=54287485, correo=alumno@gmail.com, frecuenciaEntrenamiento=1 A 2 DIAS, nivel=null, fechaCreacion=null, fechaActualizacion=null, statusOnboarding=CREADO, objetivo=GANAR MASA MUSCULAR, activo=null)
2026-03-23 20:29:09 - Enviando usuario UsuarioRequest(correo=alumno@gmail.com, contrasenia=null, rol=ALUMNO, activo=true)
2026-03-23 20:29:10 - recibiendo usaurio <200 OK OK,ResponseGenerico(data={idUsuario=null, correo=alumno@gmail.com, contrasenia=null, rol=ALUMNO, activo=true}, mensaje=Dato insertado correctamente, codigo=200, codigoError=null),[content-type:"application/json", date:"Tue, 24 Mar 2026 02:29:10 GMT", transfer-encoding:"chunked", vary:"Access-Control-Request-Headers", "Access-Control-Request-Method", "Origin"]>
2026-03-23 20:31:56 - Inicia registrar alumno PerfilAlumno(IdPerfilAlumno=null, idUsuario=null, idPerfilCoach=1, nombre=alumno, apellidop=aaaa, apellidom=ssss, fechaNacimiento=2026-03-17, sexo=h, telefono=54287485, correo=alumno@gmail.com, frecuenciaEntrenamiento=1 A 2 DIAS, nivel=null, fechaCreacion=null, fechaActualizacion=null, statusOnboarding=CREADO, objetivo=GANAR MASA MUSCULAR, activo=null)
2026-03-23 20:31:56 - Enviando usuario UsuarioRequest(correo=alumno@gmail.com, contrasenia=null, rol=ALUMNO, activo=true)
2026-03-23 20:31:56 - recibiendo usaurio <200 OK OK,ResponseGenerico(data={idUsuario=null, correo=alumno@gmail.com, contrasenia=null, rol=ALUMNO, activo=true}, mensaje=Dato insertado correctamente, codigo=200, codigoError=null),[content-type:"application/json", date:"Tue, 24 Mar 2026 02:31:56 GMT", transfer-encoding:"chunked", vary:"Access-Control-Request-Headers", "Access-Control-Request-Method", "Origin"]>
2026-03-23 20:32:45 - Inicia registrar alumno PerfilAlumno(IdPerfilAlumno=null, idUsuario=null, idPerfilCoach=1, nombre=alumno, apellidop=aaaa, apellidom=ssss, fechaNacimiento=2026-03-17, sexo=h, telefono=54287485, correo=alumno@gmail.com, frecuenciaEntrenamiento=1 A 2 DIAS, nivel=null, fechaCreacion=null, fechaActualizacion=null, statusOnboarding=CREADO, objetivo=GANAR MASA MUSCULAR, activo=null)
2026-03-23 20:32:45 - Enviando usuario UsuarioRequest(correo=alumno@gmail.com, contrasenia=null, rol=ALUMNO, activo=true)
2026-03-23 20:32:45 - recibiendo usaurio <200 OK OK,ResponseGenerico(data={idUsuario=null, correo=alumno@gmail.com, contrasenia=null, rol=ALUMNO, activo=true}, mensaje=Dato insertado correctamente, codigo=200, codigoError=null),[content-type:"application/json", date:"Tue, 24 Mar 2026 02:32:45 GMT", transfer-encoding:"chunked", vary:"Access-Control-Request-Headers", "Access-Control-Request-Method", "Origin"]>
2026-03-23 20:33:04 - Inicia registrar alumno PerfilAlumno(IdPerfilAlumno=null, idUsuario=null, idPerfilCoach=1, nombre=alumno, apellidop=aaaa, apellidom=ssss, fechaNacimiento=2026-03-17, sexo=h, telefono=54287485, correo=alumno@gmail.com, frecuenciaEntrenamiento=1 A 2 DIAS, nivel=null, fechaCreacion=null, fechaActualizacion=null, statusOnboarding=CREADO, objetivo=GANAR MASA MUSCULAR, activo=null)
2026-03-23 20:33:04 - Enviando usuario UsuarioRequest(correo=alumno@gmail.com, contrasenia=null, rol=ALUMNO, activo=true)
2026-03-23 20:33:04 - recibiendo usaurio <200 OK OK,ResponseGenerico(data={idUsuario=null, correo=alumno@gmail.com, contrasenia=null, rol=ALUMNO, activo=true}, mensaje=Dato insertado correctamente, codigo=200, codigoError=null),[content-type:"application/json", date:"Tue, 24 Mar 2026 02:33:04 GMT", transfer-encoding:"chunked", vary:"Access-Control-Request-Headers", "Access-Control-Request-Method", "Origin"]>
2026-03-23 20:33:36 - Inicia registrar alumno PerfilAlumno(IdPerfilAlumno=null, idUsuario=null, idPerfilCoach=1, nombre=alumno, apellidop=aaaa, apellidom=ssss, fechaNacimiento=2026-03-17, sexo=h, telefono=54287485, correo=alumno@gmail.com, frecuenciaEntrenamiento=1 A 2 DIAS, nivel=null, fechaCreacion=null, fechaActualizacion=null, statusOnboarding=CREADO, objetivo=GANAR MASA MUSCULAR, activo=null)
2026-03-23 20:33:36 - Enviando usuario UsuarioRequest(correo=alumno@gmail.com, contrasenia=null, rol=ALUMNO, activo=true)
2026-03-23 20:33:36 - recibiendo usaurio <200 OK OK,ResponseGenerico(data={idUsuario=null, correo=alumno@gmail.com, contrasenia=null, rol=ALUMNO, activo=true}, mensaje=Dato insertado correctamente, codigo=200, codigoError=null),[content-type:"application/json", date:"Tue, 24 Mar 2026 02:33:36 GMT", transfer-encoding:"chunked", vary:"Access-Control-Request-Headers", "Access-Control-Request-Method", "Origin"]>
2026-03-23 20:34:00 - Inicia registrar alumno PerfilAlumno(IdPerfilAlumno=null, idUsuario=null, idPerfilCoach=1, nombre=alumno, apellidop=aaaa, apellidom=ssss, fechaNacimiento=2026-03-17, sexo=h, telefono=54287485, correo=alumno@gmail.com, frecuenciaEntrenamiento=1 A 2 DIAS, nivel=null, fechaCreacion=null, fechaActualizacion=null, statusOnboarding=CREADO, objetivo=GANAR MASA MUSCULAR, activo=null)
2026-03-23 20:34:00 - Enviando usuario UsuarioRequest(correo=alumno@gmail.com, contrasenia=null, rol=ALUMNO, activo=true)
2026-03-23 20:34:00 - recibiendo usaurio <200 OK OK,ResponseGenerico(data={idUsuario=null, correo=alumno@gmail.com, contrasenia=null, rol=ALUMNO, activo=true}, mensaje=Dato insertado correctamente, codigo=200, codigoError=null),[content-type:"application/json", date:"Tue, 24 Mar 2026 02:34:00 GMT", transfer-encoding:"chunked", vary:"Access-Control-Request-Headers", "Access-Control-Request-Method", "Origin"]>
2026-03-23 20:34:15 - Inicia registrar alumno PerfilAlumno(IdPerfilAlumno=null, idUsuario=null, idPerfilCoach=1, nombre=alumno, apellidop=aaaa, apellidom=ssss, fechaNacimiento=2026-03-17, sexo=h, telefono=54287485, correo=alumno@gmail.com, frecuenciaEntrenamiento=1 A 2 DIAS, nivel=null, fechaCreacion=null, fechaActualizacion=null, statusOnboarding=CREADO, objetivo=GANAR MASA MUSCULAR, activo=null)
2026-03-23 20:34:15 - Enviando usuario UsuarioRequest(correo=alumno@gmail.com, contrasenia=null, rol=ALUMNO, activo=true)
2026-03-23 20:34:28 - Inicia registrar alumno PerfilAlumno(IdPerfilAlumno=null, idUsuario=null, idPerfilCoach=1, nombre=alumno, apellidop=aaaa, apellidom=ssss, fechaNacimiento=2026-03-17, sexo=h, telefono=54287485, correo=alumno@gmail.com, frecuenciaEntrenamiento=1 A 2 DIAS, nivel=null, fechaCreacion=null, fechaActualizacion=null, statusOnboarding=CREADO, objetivo=GANAR MASA MUSCULAR, activo=null)
2026-03-23 20:34:28 - Enviando usuario UsuarioRequest(correo=alumno@gmail.com, contrasenia=null, rol=ALUMNO, activo=true)
2026-03-23 20:34:28 - recibiendo usaurio <200 OK OK,ResponseGenerico(data={idUsuario=null, correo=alumno@gmail.com, contrasenia=null, rol=ALUMNO, activo=true}, mensaje=Dato insertado correctamente, codigo=200, codigoError=null),[content-type:"application/json", date:"Tue, 24 Mar 2026 02:34:28 GMT", transfer-encoding:"chunked", vary:"Access-Control-Request-Headers", "Access-Control-Request-Method", "Origin"]>
2026-03-23 20:35:14 - Inicia registrar alumno PerfilAlumno(IdPerfilAlumno=null, idUsuario=null, idPerfilCoach=1, nombre=alumno, apellidop=aaaa, apellidom=ssss, fechaNacimiento=2026-03-17, sexo=h, telefono=54287485, correo=alumno@gmail.com, frecuenciaEntrenamiento=1 A 2 DIAS, nivel=null, fechaCreacion=null, fechaActualizacion=null, statusOnboarding=CREADO, objetivo=GANAR MASA MUSCULAR, activo=null)
2026-03-23 20:35:14 - Enviando usuario UsuarioRequest(correo=alumno@gmail.com, contrasenia=null, rol=ALUMNO, activo=true)
2026-03-23 20:35:14 - recibiendo usaurio <200 OK OK,ResponseGenerico(data={idUsuario=null, correo=alumno@gmail.com, contrasenia=null, rol=ALUMNO, activo=true}, mensaje=Usuario existente, codigo=200, codigoError=null),[content-type:"application/json", date:"Tue, 24 Mar 2026 02:35:14 GMT", transfer-encoding:"chunked", vary:"Access-Control-Request-Headers", "Access-Control-Request-Method", "Origin"]>
2026-03-23 20:36:04 - Inicia registrar alumno PerfilAlumno(IdPerfilAlumno=null, idUsuario=null, idPerfilCoach=1, nombre=alumno, apellidop=aaaa, apellidom=ssss, fechaNacimiento=2026-03-17, sexo=h, telefono=54287485, correo=alumno@gmail.com, frecuenciaEntrenamiento=1 A 2 DIAS, nivel=null, fechaCreacion=null, fechaActualizacion=null, statusOnboarding=CREADO, objetivo=GANAR MASA MUSCULAR, activo=null)
2026-03-23 20:36:04 - Enviando usuario UsuarioRequest(correo=alumno@gmail.com, contrasenia=null, rol=ALUMNO, activo=true)
2026-03-23 20:36:04 - recibiendo usaurio <200 OK OK,ResponseGenerico(data={idUsuario=null, correo=alumno@gmail.com, contrasenia=null, rol=ALUMNO, activo=true}, mensaje=Usuario existente, codigo=200, codigoError=null),[content-type:"application/json", date:"Tue, 24 Mar 2026 02:36:04 GMT", transfer-encoding:"chunked", vary:"Access-Control-Request-Headers", "Access-Control-Request-Method", "Origin"]>
2026-03-23 20:36:08 - Inicia registrar alumno PerfilAlumno(IdPerfilAlumno=null, idUsuario=null, idPerfilCoach=1, nombre=alumno, apellidop=aaaa, apellidom=ssss, fechaNacimiento=2026-03-17, sexo=h, telefono=54287485, correo=alumno@gmail.com, frecuenciaEntrenamiento=1 A 2 DIAS, nivel=null, fechaCreacion=null, fechaActualizacion=null, statusOnboarding=CREADO, objetivo=GANAR MASA MUSCULAR, activo=null)
2026-03-23 20:36:08 - Enviando usuario UsuarioRequest(correo=alumno@gmail.com, contrasenia=null, rol=ALUMNO, activo=true)
2026-03-23 20:36:08 - recibiendo usaurio <200 OK OK,ResponseGenerico(data={idUsuario=null, correo=alumno@gmail.com, contrasenia=null, rol=ALUMNO, activo=true}, mensaje=Usuario existente, codigo=200, codigoError=null),[content-type:"application/json", date:"Tue, 24 Mar 2026 02:36:08 GMT", transfer-encoding:"chunked", vary:"Access-Control-Request-Headers", "Access-Control-Request-Method", "Origin"]>
2026-03-23 20:42:30 - Inicia registrar alumno PerfilAlumno(IdPerfilAlumno=null, idUsuario=null, idPerfilCoach=1, nombre=alumno, apellidop=aaaa, apellidom=ssss, fechaNacimiento=2026-03-17, sexo=h, telefono=54287485, correo=alumno@gmail.com, frecuenciaEntrenamiento=1 A 2 DIAS, nivel=null, fechaCreacion=null, fechaActualizacion=null, statusOnboarding=CREADO, objetivo=GANAR MASA MUSCULAR, activo=null)
2026-03-23 20:42:30 - Enviando usuario UsuarioRequest(correo=alumno@gmail.com, contrasenia=null, rol=ALUMNO, activo=true)
2026-03-23 20:42:30 - recibiendo usaurio <200 OK OK,ResponseGenerico(data=null, mensaje=Ocurrio un error al insertar dato, codigo=500, codigoError=0431e79e-8d1e-49c8-9946-318c5b2c008c),[content-type:"application/json", date:"Tue, 24 Mar 2026 02:42:30 GMT", transfer-encoding:"chunked", vary:"Access-Control-Request-Headers", "Access-Control-Request-Method", "Origin"]>
2026-03-23 20:43:03 - Inicia registrar alumno PerfilAlumno(IdPerfilAlumno=null, idUsuario=null, idPerfilCoach=1, nombre=alumno, apellidop=aaaa, apellidom=ssss, fechaNacimiento=2026-03-17, sexo=h, telefono=54287485, correo=alumno@gmail.com, frecuenciaEntrenamiento=1 A 2 DIAS, nivel=null, fechaCreacion=null, fechaActualizacion=null, statusOnboarding=CREADO, objetivo=GANAR MASA MUSCULAR, activo=null)
2026-03-23 20:43:03 - Enviando usuario UsuarioRequest(correo=alumno@gmail.com, contrasenia=null, rol=ALUMNO, activo=true)
2026-03-23 20:43:03 - recibiendo usaurio <200 OK OK,ResponseGenerico(data=null, mensaje=Ocurrio un error al insertar dato, codigo=500, codigoError=1ebf0b55-8412-4185-9a25-0703bd219994),[content-type:"application/json", date:"Tue, 24 Mar 2026 02:43:03 GMT", transfer-encoding:"chunked", vary:"Access-Control-Request-Headers", "Access-Control-Request-Method", "Origin"]>
2026-03-23 20:47:57 - Inicia registrar alumno PerfilAlumno(IdPerfilAlumno=null, idUsuario=null, idPerfilCoach=1, nombre=alumno, apellidop=aaaa, apellidom=ssss, fechaNacimiento=2026-03-17, sexo=h, telefono=54287485, correo=alumno@gmail.com, frecuenciaEntrenamiento=1 A 2 DIAS, nivel=null, fechaCreacion=null, fechaActualizacion=null, statusOnboarding=CREADO, objetivo=GANAR MASA MUSCULAR, activo=null)
2026-03-23 20:47:57 - Enviando usuario UsuarioRequest(correo=alumno@gmail.com, contrasenia=null, rol=ALUMNO, activo=true)
2026-03-23 20:47:57 - recibiendo usaurio <200 OK OK,ResponseGenerico(data=null, mensaje=Ocurrio un error al insertar dato, codigo=500, codigoError=ff3d82ce-7d67-4674-b0ce-3e9b21d8c785),[content-type:"application/json", date:"Tue, 24 Mar 2026 02:47:57 GMT", transfer-encoding:"chunked", vary:"Access-Control-Request-Headers", "Access-Control-Request-Method", "Origin"]>
2026-03-23 20:48:18 - Inicia registrar alumno PerfilAlumno(IdPerfilAlumno=null, idUsuario=null, idPerfilCoach=1, nombre=alumno, apellidop=aaaa, apellidom=ssss, fechaNacimiento=2026-03-17, sexo=h, telefono=54287485, correo=alumno@gmail.com, frecuenciaEntrenamiento=1 A 2 DIAS, nivel=null, fechaCreacion=null, fechaActualizacion=null, statusOnboarding=CREADO, objetivo=GANAR MASA MUSCULAR, activo=null)
2026-03-23 20:48:18 - Enviando usuario UsuarioRequest(correo=alumno@gmail.com, contrasenia=null, rol=ALUMNO, activo=true)
2026-03-23 20:48:19 - recibiendo usaurio <200 OK OK,ResponseGenerico(data=null, mensaje=Ocurrio un error al insertar dato, codigo=500, codigoError=5b00e246-b9f2-4874-9aa6-8b2bc5924f43),[content-type:"application/json", date:"Tue, 24 Mar 2026 02:48:19 GMT", transfer-encoding:"chunked", vary:"Access-Control-Request-Headers", "Access-Control-Request-Method", "Origin"]>
2026-03-23 20:48:59 - Inicia registrar alumno PerfilAlumno(IdPerfilAlumno=null, idUsuario=null, idPerfilCoach=1, nombre=alumno, apellidop=aaaa, apellidom=ssss, fechaNacimiento=2026-03-17, sexo=h, telefono=54287485, correo=alumno@gmail.com, frecuenciaEntrenamiento=1 A 2 DIAS, nivel=null, fechaCreacion=null, fechaActualizacion=null, statusOnboarding=CREADO, objetivo=GANAR MASA MUSCULAR, activo=null)
2026-03-23 20:48:59 - Enviando usuario UsuarioRequest(correo=alumno@gmail.com, contrasenia=null, rol=ALUMNO, activo=true)
2026-03-23 20:50:10 - Inicia registrar alumno PerfilAlumno(IdPerfilAlumno=null, idUsuario=null, idPerfilCoach=1, nombre=alumno, apellidop=aaaa, apellidom=ssss, fechaNacimiento=2026-03-17, sexo=h, telefono=54287485, correo=alumno@gmail.com, frecuenciaEntrenamiento=1 A 2 DIAS, nivel=null, fechaCreacion=null, fechaActualizacion=null, statusOnboarding=CREADO, objetivo=GANAR MASA MUSCULAR, activo=null)
2026-03-23 20:50:10 - Enviando usuario UsuarioRequest(correo=alumno@gmail.com, contrasenia=null, rol=ALUMNO, activo=true)
2026-03-23 20:51:22 - Inicia registrar alumno PerfilAlumno(IdPerfilAlumno=null, idUsuario=null, idPerfilCoach=1, nombre=alumno, apellidop=aaaa, apellidom=ssss, fechaNacimiento=2026-03-17, sexo=h, telefono=54287485, correo=alumno@gmail.com, frecuenciaEntrenamiento=1 A 2 DIAS, nivel=null, fechaCreacion=null, fechaActualizacion=null, statusOnboarding=CREADO, objetivo=GANAR MASA MUSCULAR, activo=null)
2026-03-23 20:51:22 - Enviando usuario UsuarioRequest(correo=alumno@gmail.com, contrasenia=null, rol=ALUMNO, activo=true)
2026-03-23 20:54:35 - Inicia registrar alumno PerfilAlumno(IdPerfilAlumno=null, idUsuario=null, idPerfilCoach=1, nombre=, apellidop=, apellidom=, fechaNacimiento=, sexo= , telefono=54287485, correo=juan6@mail.com, frecuenciaEntrenamiento=OTRO, nivel=null, fechaCreacion=null, fechaActualizacion=null, statusOnboarding=CREADO, objetivo=OTRO, activo=null)
2026-03-23 20:54:35 - Enviando usuario UsuarioRequest(correo=juan6@mail.com, contrasenia=null, rol=ALUMNO, activo=true)
2026-03-23 20:56:27 - Inicia registrar alumno PerfilAlumno(IdPerfilAlumno=null, idUsuario=null, idPerfilCoach=1, nombre=, apellidop=, apellidom=, fechaNacimiento=, sexo= , telefono=54287485, correo=juan6@mail.com, frecuenciaEntrenamiento=OTRO, nivel=null, fechaCreacion=null, fechaActualizacion=null, statusOnboarding=CREADO, objetivo=OTRO, activo=null)
2026-03-23 20:56:27 - Enviando usuario UsuarioRequest(correo=juan6@mail.com, contrasenia=null, rol=ALUMNO, activo=true)
2026-03-23 20:56:38 - Application shutdown requested.
2026-03-23 20:56:38 - Commencing graceful shutdown. Waiting for active requests to complete
2026-03-23 20:56:38 - Pausing ProtocolHandler ["http-nio-8095"]
2026-03-23 20:56:38 - Graceful shutdown complete
2026-03-23 20:56:38 - Stopping ProtocolHandler ["http-nio-8095"]
2026-03-23 20:56:38 - Closing JPA EntityManagerFactory for persistence unit 'default'
2026-03-23 20:56:38 - HikariPool-1 - Shutdown initiated...
2026-03-23 20:56:38 - HikariPool-1 - Shutdown completed.
2026-03-23 20:56:42 - Starting PulsogymApplication using Java 17.0.12 with PID 23160 (C:\Users\gmand\OneDrive\Escritorio\PULSO(GYM)\pulsogym\ms-pulso\target\classes started by gmand in C:\Users\gmand\OneDrive\Escritorio\PULSO(GYM)\pulsogym\ms-pulso)
2026-03-23 20:56:42 - No active profile set, falling back to 1 default profile: "default"
2026-03-23 20:56:42 - Bootstrapping Spring Data JPA repositories in DEFAULT mode.
2026-03-23 20:56:42 - Finished Spring Data repository scanning in 55 ms. Found 4 JPA repository interfaces.
2026-03-23 20:56:43 - BeanFactory id=a45c7ade-1d97-303a-9cf1-a1954fcbacde
2026-03-23 20:56:43 - Tomcat initialized with port 8095 (http)
2026-03-23 20:56:43 - Initializing ProtocolHandler ["http-nio-8095"]
2026-03-23 20:56:43 - Starting service [Tomcat]
2026-03-23 20:56:43 - Starting Servlet engine: [Apache Tomcat/10.1.42]
2026-03-23 20:56:43 - Initializing Spring embedded WebApplicationContext
2026-03-23 20:56:43 - Root WebApplicationContext: initialization completed in 1415 ms
2026-03-23 20:56:43 - HHH000204: Processing PersistenceUnitInfo [name: default]
2026-03-23 20:56:43 - HHH000412: Hibernate ORM core version 6.6.18.Final
2026-03-23 20:56:43 - HHH000026: Second-level cache disabled
2026-03-23 20:56:44 - No LoadTimeWeaver setup: ignoring JPA class transformer
2026-03-23 20:56:44 - HikariPool-1 - Starting...
2026-03-23 20:56:44 - HikariPool-1 - Added connection org.mariadb.jdbc.Connection@772cf46b
2026-03-23 20:56:44 - HikariPool-1 - Start completed.
2026-03-23 20:56:44 - HHH90000025: MariaDBDialect does not need to be specified explicitly using 'hibernate.dialect' (remove the property setting and it will be selected by default)
2026-03-23 20:56:44 - HHH10001005: Database info:
	Database JDBC URL [Connecting through datasource 'HikariDataSource (HikariPool-1)']
	Database driver: undefined/unknown
	Database version: 11.5.2
	Autocommit mode: undefined/unknown
	Isolation level: undefined/unknown
	Minimum pool size: undefined/unknown
	Maximum pool size: undefined/unknown
2026-03-23 20:56:45 - HHH000489: No JTA platform available (set 'hibernate.transaction.jta.platform' to enable JTA platform integration)
2026-03-23 20:56:45 - Initialized JPA EntityManagerFactory for persistence unit 'default'
2026-03-23 20:56:45 - Hibernate is in classpath; If applicable, HQL parser will be used.
2026-03-23 20:56:46 - spring.jpa.open-in-view is enabled by default. Therefore, database queries may be performed during view rendering. Explicitly configure spring.jpa.open-in-view to disable this warning
2026-03-23 20:56:46 - Supporting [WS-Addressing August 2004, WS-Addressing 1.0]
2026-03-23 20:56:47 - Starting ProtocolHandler ["http-nio-8095"]
2026-03-23 20:56:47 - Tomcat started on port 8095 (http) with context path '/'
2026-03-23 20:56:47 - Started PulsogymApplication in 6.072 seconds (process running for 7.032)
2026-03-23 20:56:53 - Initializing Spring DispatcherServlet 'dispatcherServlet'
2026-03-23 20:56:53 - Initializing Servlet 'dispatcherServlet'
2026-03-23 20:56:53 - Completed initialization in 1 ms
2026-03-23 20:56:53 - Inicia registrar alumno PerfilAlumno(IdPerfilAlumno=null, idUsuario=null, idPerfilCoach=1, nombre=, apellidop=, apellidom=, fechaNacimiento=, sexo= , telefono=54287485, correo=juan6@mail.com, frecuenciaEntrenamiento=OTRO, nivel=null, fechaCreacion=null, fechaActualizacion=null, statusOnboarding=CREADO, objetivo=OTRO, activo=null)
2026-03-23 20:56:53 - Enviando usuario UsuarioRequest(correo=juan6@mail.com, contrasenia=null, rol=ALUMNO, activo=true)
2026-03-23 20:58:28 - Inicia registrar alumno PerfilAlumno(IdPerfilAlumno=null, idUsuario=null, idPerfilCoach=1, nombre=, apellidop=, apellidom=, fechaNacimiento=, sexo= , telefono=54287485, correo=juan6@mail.com, frecuenciaEntrenamiento=OTRO, nivel=null, fechaCreacion=null, fechaActualizacion=null, statusOnboarding=CREADO, objetivo=OTRO, activo=null)
2026-03-23 20:58:28 - Enviando usuario UsuarioRequest(correo=juan6@mail.com, contrasenia=null, rol=ALUMNO, activo=true)
2026-03-23 20:58:34 - Application shutdown requested.
2026-03-23 20:58:34 - Commencing graceful shutdown. Waiting for active requests to complete
2026-03-23 20:58:34 - Pausing ProtocolHandler ["http-nio-8095"]
2026-03-23 20:58:34 - Graceful shutdown complete
2026-03-23 20:58:34 - Stopping ProtocolHandler ["http-nio-8095"]
2026-03-23 20:58:34 - Closing JPA EntityManagerFactory for persistence unit 'default'
2026-03-23 20:58:34 - HikariPool-1 - Shutdown initiated...
2026-03-23 20:58:34 - HikariPool-1 - Shutdown completed.
2026-03-23 20:58:37 - Starting PulsogymApplication using Java 17.0.12 with PID 23332 (C:\Users\gmand\OneDrive\Escritorio\PULSO(GYM)\pulsogym\ms-pulso\target\classes started by gmand in C:\Users\gmand\OneDrive\Escritorio\PULSO(GYM)\pulsogym\ms-pulso)
2026-03-23 20:58:37 - No active profile set, falling back to 1 default profile: "default"
2026-03-23 20:58:38 - Bootstrapping Spring Data JPA repositories in DEFAULT mode.
2026-03-23 20:58:38 - Finished Spring Data repository scanning in 64 ms. Found 4 JPA repository interfaces.
2026-03-23 20:58:39 - BeanFactory id=a45c7ade-1d97-303a-9cf1-a1954fcbacde
2026-03-23 20:58:39 - Tomcat initialized with port 8095 (http)
2026-03-23 20:58:39 - Initializing ProtocolHandler ["http-nio-8095"]
2026-03-23 20:58:39 - Starting service [Tomcat]
2026-03-23 20:58:39 - Starting Servlet engine: [Apache Tomcat/10.1.42]
2026-03-23 20:58:39 - Initializing Spring embedded WebApplicationContext
2026-03-23 20:58:39 - Root WebApplicationContext: initialization completed in 1387 ms
2026-03-23 20:58:39 - HHH000204: Processing PersistenceUnitInfo [name: default]
2026-03-23 20:58:39 - HHH000412: Hibernate ORM core version 6.6.18.Final
2026-03-23 20:58:39 - HHH000026: Second-level cache disabled
2026-03-23 20:58:40 - No LoadTimeWeaver setup: ignoring JPA class transformer
2026-03-23 20:58:40 - HikariPool-1 - Starting...
2026-03-23 20:58:40 - HikariPool-1 - Added connection org.mariadb.jdbc.Connection@30bd39d5
2026-03-23 20:58:40 - HikariPool-1 - Start completed.
2026-03-23 20:58:40 - HHH90000025: MariaDBDialect does not need to be specified explicitly using 'hibernate.dialect' (remove the property setting and it will be selected by default)
2026-03-23 20:58:40 - HHH10001005: Database info:
	Database JDBC URL [Connecting through datasource 'HikariDataSource (HikariPool-1)']
	Database driver: undefined/unknown
	Database version: 11.5.2
	Autocommit mode: undefined/unknown
	Isolation level: undefined/unknown
	Minimum pool size: undefined/unknown
	Maximum pool size: undefined/unknown
2026-03-23 20:58:41 - HHH000489: No JTA platform available (set 'hibernate.transaction.jta.platform' to enable JTA platform integration)
2026-03-23 20:58:41 - Initialized JPA EntityManagerFactory for persistence unit 'default'
2026-03-23 20:58:41 - Hibernate is in classpath; If applicable, HQL parser will be used.
2026-03-23 20:58:41 - spring.jpa.open-in-view is enabled by default. Therefore, database queries may be performed during view rendering. Explicitly configure spring.jpa.open-in-view to disable this warning
2026-03-23 20:58:42 - Supporting [WS-Addressing August 2004, WS-Addressing 1.0]
2026-03-23 20:58:42 - Starting ProtocolHandler ["http-nio-8095"]
2026-03-23 20:58:42 - Tomcat started on port 8095 (http) with context path '/'
2026-03-23 20:58:43 - Started PulsogymApplication in 5.888 seconds (process running for 6.863)
2026-03-23 20:58:47 - Initializing Spring DispatcherServlet 'dispatcherServlet'
2026-03-23 20:58:47 - Initializing Servlet 'dispatcherServlet'
2026-03-23 20:58:47 - Completed initialization in 1 ms
2026-03-23 20:58:47 - Inicia registrar alumno PerfilAlumno(IdPerfilAlumno=null, idUsuario=null, idPerfilCoach=1, nombre=, apellidop=, apellidom=, fechaNacimiento=, sexo= , telefono=54287485, correo=juan6@mail.com, frecuenciaEntrenamiento=OTRO, nivel=null, fechaCreacion=null, fechaActualizacion=null, statusOnboarding=CREADO, objetivo=OTRO, activo=null)
2026-03-23 20:58:47 - Enviando usuario UsuarioRequest(correo=juan6@mail.com, contrasenia=null, rol=ALUMNO, activo=true)
2026-03-23 20:59:24 - Inicia registrar alumno PerfilAlumno(IdPerfilAlumno=null, idUsuario=null, idPerfilCoach=1, nombre=, apellidop=, apellidom=, fechaNacimiento=, sexo= , telefono=54287485, correo=alumno@gmail.com, frecuenciaEntrenamiento=OTRO, nivel=null, fechaCreacion=null, fechaActualizacion=null, statusOnboarding=CREADO, objetivo=OTRO, activo=null)
2026-03-23 20:59:24 - Enviando usuario UsuarioRequest(correo=alumno@gmail.com, contrasenia=null, rol=ALUMNO, activo=true)
2026-03-23 21:05:42 - Inicia registrar alumno PerfilAlumno(IdPerfilAlumno=null, idUsuario=null, idPerfilCoach=1, nombre=, apellidop=, apellidom=, fechaNacimiento=, sexo= , telefono=54287485, correo=juan6@mail.com, frecuenciaEntrenamiento=OTRO, nivel=null, fechaCreacion=null, fechaActualizacion=null, statusOnboarding=CREADO, objetivo=OTRO, activo=null)
2026-03-23 21:05:42 - Enviando usuario UsuarioRequest(correo=juan6@mail.com, contrasenia=null, rol=ALUMNO, activo=true)
2026-03-23 21:05:52 - Inicia registrar alumno PerfilAlumno(IdPerfilAlumno=null, idUsuario=null, idPerfilCoach=1, nombre=, apellidop=, apellidom=, fechaNacimiento=, sexo= , telefono=54287485, correo=juan6@mail.com, frecuenciaEntrenamiento=OTRO, nivel=null, fechaCreacion=null, fechaActualizacion=null, statusOnboarding=CREADO, objetivo=OTRO, activo=null)
2026-03-23 21:05:52 - Enviando usuario UsuarioRequest(correo=juan6@mail.com, contrasenia=null, rol=ALUMNO, activo=true)
2026-03-23 21:06:08 - Application shutdown requested.
2026-03-23 21:06:08 - Commencing graceful shutdown. Waiting for active requests to complete
2026-03-23 21:06:08 - Pausing ProtocolHandler ["http-nio-8095"]
2026-03-23 21:06:08 - Graceful shutdown complete
2026-03-23 21:06:08 - Stopping ProtocolHandler ["http-nio-8095"]
2026-03-23 21:06:08 - Closing JPA EntityManagerFactory for persistence unit 'default'
2026-03-23 21:06:08 - HikariPool-1 - Shutdown initiated...
2026-03-23 21:06:08 - HikariPool-1 - Shutdown completed.
2026-03-23 21:06:12 - Starting PulsogymApplication using Java 17.0.12 with PID 6836 (C:\Users\gmand\OneDrive\Escritorio\PULSO(GYM)\pulsogym\ms-pulso\target\classes started by gmand in C:\Users\gmand\OneDrive\Escritorio\PULSO(GYM)\pulsogym\ms-pulso)
2026-03-23 21:06:12 - No active profile set, falling back to 1 default profile: "default"
2026-03-23 21:06:12 - Bootstrapping Spring Data JPA repositories in DEFAULT mode.
2026-03-23 21:06:12 - Finished Spring Data repository scanning in 56 ms. Found 4 JPA repository interfaces.
2026-03-23 21:06:13 - BeanFactory id=a45c7ade-1d97-303a-9cf1-a1954fcbacde
2026-03-23 21:06:13 - Tomcat initialized with port 8095 (http)
2026-03-23 21:06:13 - Initializing ProtocolHandler ["http-nio-8095"]
2026-03-23 21:06:13 - Starting service [Tomcat]
2026-03-23 21:06:13 - Starting Servlet engine: [Apache Tomcat/10.1.42]
2026-03-23 21:06:13 - Initializing Spring embedded WebApplicationContext
2026-03-23 21:06:13 - Root WebApplicationContext: initialization completed in 1384 ms
2026-03-23 21:06:13 - HHH000204: Processing PersistenceUnitInfo [name: default]
2026-03-23 21:06:13 - HHH000412: Hibernate ORM core version 6.6.18.Final
2026-03-23 21:06:13 - HHH000026: Second-level cache disabled
2026-03-23 21:06:14 - No LoadTimeWeaver setup: ignoring JPA class transformer
2026-03-23 21:06:14 - HikariPool-1 - Starting...
2026-03-23 21:06:14 - HikariPool-1 - Added connection org.mariadb.jdbc.Connection@66314fee
2026-03-23 21:06:14 - HikariPool-1 - Start completed.
2026-03-23 21:06:14 - HHH90000025: MariaDBDialect does not need to be specified explicitly using 'hibernate.dialect' (remove the property setting and it will be selected by default)
2026-03-23 21:06:14 - HHH10001005: Database info:
	Database JDBC URL [Connecting through datasource 'HikariDataSource (HikariPool-1)']
	Database driver: undefined/unknown
	Database version: 11.5.2
	Autocommit mode: undefined/unknown
	Isolation level: undefined/unknown
	Minimum pool size: undefined/unknown
	Maximum pool size: undefined/unknown
2026-03-23 21:06:15 - HHH000489: No JTA platform available (set 'hibernate.transaction.jta.platform' to enable JTA platform integration)
2026-03-23 21:06:15 - Initialized JPA EntityManagerFactory for persistence unit 'default'
2026-03-23 21:06:15 - Hibernate is in classpath; If applicable, HQL parser will be used.
2026-03-23 21:06:16 - spring.jpa.open-in-view is enabled by default. Therefore, database queries may be performed during view rendering. Explicitly configure spring.jpa.open-in-view to disable this warning
2026-03-23 21:06:16 - Supporting [WS-Addressing August 2004, WS-Addressing 1.0]
2026-03-23 21:06:16 - Starting ProtocolHandler ["http-nio-8095"]
2026-03-23 21:06:17 - Tomcat started on port 8095 (http) with context path '/'
2026-03-23 21:06:17 - Started PulsogymApplication in 6.034 seconds (process running for 7.02)
2026-03-23 21:06:21 - Initializing Spring DispatcherServlet 'dispatcherServlet'
2026-03-23 21:06:21 - Initializing Servlet 'dispatcherServlet'
2026-03-23 21:06:21 - Completed initialization in 1 ms
2026-03-23 21:06:21 - Inicia registrar alumno PerfilAlumno(IdPerfilAlumno=null, idUsuario=null, idPerfilCoach=1, nombre=, apellidop=, apellidom=, fechaNacimiento=, sexo= , telefono=54287485, correo=juan6@mail.com, frecuenciaEntrenamiento=OTRO, nivel=null, fechaCreacion=null, fechaActualizacion=null, statusOnboarding=CREADO, objetivo=OTRO, activo=null)
2026-03-23 21:06:21 - Enviando usuario UsuarioRequest(correo=juan6@mail.com, contrasenia=null, rol=ALUMNO, activo=true)
2026-03-23 21:06:28 - Inicia registrar alumno PerfilAlumno(IdPerfilAlumno=null, idUsuario=null, idPerfilCoach=1, nombre=, apellidop=, apellidom=, fechaNacimiento=, sexo= , telefono=54287485, correo=juan6@mail.com, frecuenciaEntrenamiento=OTRO, nivel=null, fechaCreacion=null, fechaActualizacion=null, statusOnboarding=CREADO, objetivo=OTRO, activo=null)
2026-03-23 21:06:28 - Enviando usuario UsuarioRequest(correo=juan6@mail.com, contrasenia=null, rol=ALUMNO, activo=true)
2026-03-23 21:07:06 - Inicia registrar alumno PerfilAlumno(IdPerfilAlumno=null, idUsuario=null, idPerfilCoach=1, nombre=, apellidop=, apellidom=, fechaNacimiento=, sexo= , telefono=54287485, correo=, frecuenciaEntrenamiento=OTRO, nivel=null, fechaCreacion=null, fechaActualizacion=null, statusOnboarding=CREADO, objetivo=OTRO, activo=null)
2026-03-23 21:07:06 - Enviando usuario UsuarioRequest(correo=, contrasenia=null, rol=ALUMNO, activo=true)
2026-03-23 21:11:38 - Inicia registrar alumno PerfilAlumno(IdPerfilAlumno=null, idUsuario=null, idPerfilCoach=1, nombre=, apellidop=, apellidom=, fechaNacimiento=, sexo= , telefono=54287485, correo=, frecuenciaEntrenamiento=OTRO, nivel=null, fechaCreacion=null, fechaActualizacion=null, statusOnboarding=CREADO, objetivo=OTRO, activo=null)
2026-03-23 21:11:38 - Enviando usuario UsuarioRequest(correo=, contrasenia=null, rol=ALUMNO, activo=true)
2026-03-23 21:11:38 - recibiendo usaurio <200 OK OK,ResponseGenerico(data={id=85, correo=, rol=ALUMNO}, mensaje=Dato insertado correctamente, codigo=200, codigoError=null),[content-type:"application/json", date:"Tue, 24 Mar 2026 03:11:38 GMT", transfer-encoding:"chunked", vary:"Access-Control-Request-Headers", "Access-Control-Request-Method", "Origin"]>
2026-03-23 21:11:39 - SMTP Server Host: smtp.gmail.com
2026-03-23 21:11:39 - SMTP Server Port: 587
2026-03-23 21:11:41 - Correo enviado exitosamente.
2026-03-23 21:11:41 - Error: 1292-22007: Incorrect date value: '' for column `pulso_db`.`perfil_alumno`.`fecha_nacimiento` at row 1
2026-03-23 21:11:41 - SQL Error: 1292, SQLState: 22007
2026-03-23 21:11:41 - (conn=629) Incorrect date value: '' for column `pulso_db`.`perfil_alumno`.`fecha_nacimiento` at row 1
2026-03-23 21:16:07 - Inicia registrar alumno PerfilAlumno(IdPerfilAlumno=null, idUsuario=null, idPerfilCoach=1, nombre=, apellidop=, apellidom=, fechaNacimiento=, sexo= , telefono=54287485, correo=, frecuenciaEntrenamiento=OTRO, nivel=null, fechaCreacion=null, fechaActualizacion=null, statusOnboarding=CREADO, objetivo=OTRO, activo=null)
2026-03-23 21:16:07 - Enviando usuario UsuarioRequest(correo=, contrasenia=null, rol=ALUMNO, activo=true)
2026-03-23 21:16:57 - Inicia registrar alumno PerfilAlumno(IdPerfilAlumno=null, idUsuario=null, idPerfilCoach=1, nombre=, apellidop=, apellidom=, fechaNacimiento=, sexo= , telefono=54287485, correo=, frecuenciaEntrenamiento=OTRO, nivel=null, fechaCreacion=null, fechaActualizacion=null, statusOnboarding=CREADO, objetivo=OTRO, activo=null)
2026-03-23 21:16:57 - Enviando usuario UsuarioRequest(correo=, contrasenia=null, rol=ALUMNO, activo=true)
2026-03-23 21:16:57 - recibiendo usaurio <200 OK OK,ResponseGenerico(data={id=86, correo=, rol=ALUMNO}, mensaje=Dato insertado correctamente, codigo=200, codigoError=null),[content-type:"application/json", date:"Tue, 24 Mar 2026 03:16:57 GMT", transfer-encoding:"chunked", vary:"Access-Control-Request-Headers", "Access-Control-Request-Method", "Origin"]>
2026-03-23 21:16:57 - SMTP Server Host: smtp.gmail.com
2026-03-23 21:16:57 - SMTP Server Port: 587
2026-03-23 21:16:58 - Correo enviado exitosamente.
2026-03-23 21:16:58 - Error: 1292-22007: Incorrect date value: '' for column `pulso_db`.`perfil_alumno`.`fecha_nacimiento` at row 1
2026-03-23 21:16:58 - SQL Error: 1292, SQLState: 22007
2026-03-23 21:16:58 - (conn=629) Incorrect date value: '' for column `pulso_db`.`perfil_alumno`.`fecha_nacimiento` at row 1
2026-03-23 21:19:00 - Inicia registrar alumno PerfilAlumno(IdPerfilAlumno=null, idUsuario=null, idPerfilCoach=1, nombre=, apellidop=, apellidom=, fechaNacimiento=, sexo= , telefono=54287485, correo=, frecuenciaEntrenamiento=OTRO, nivel=null, fechaCreacion=null, fechaActualizacion=null, statusOnboarding=CREADO, objetivo=OTRO, activo=null)
2026-03-23 21:19:00 - Enviando usuario UsuarioRequest(correo=, contrasenia=null, rol=ALUMNO, activo=true)
2026-03-23 21:19:00 - recibiendo usaurio <200 OK OK,ResponseGenerico(data={id=87, correo=, rol=ALUMNO}, mensaje=Dato insertado correctamente, codigo=200, codigoError=null),[content-type:"application/json", date:"Tue, 24 Mar 2026 03:19:00 GMT", transfer-encoding:"chunked", vary:"Access-Control-Request-Headers", "Access-Control-Request-Method", "Origin"]>
2026-03-23 21:19:00 - SMTP Server Host: smtp.gmail.com
2026-03-23 21:19:00 - SMTP Server Port: 587
2026-03-23 21:19:01 - Correo enviado exitosamente.
2026-03-23 21:19:01 - Error: 1292-22007: Incorrect date value: '' for column `pulso_db`.`perfil_alumno`.`fecha_nacimiento` at row 1
2026-03-23 21:19:01 - SQL Error: 1292, SQLState: 22007
2026-03-23 21:19:01 - (conn=629) Incorrect date value: '' for column `pulso_db`.`perfil_alumno`.`fecha_nacimiento` at row 1
2026-03-23 21:19:23 - Application shutdown requested.
2026-03-23 21:19:23 - Commencing graceful shutdown. Waiting for active requests to complete
2026-03-23 21:19:23 - Pausing ProtocolHandler ["http-nio-8095"]
2026-03-23 21:19:23 - Graceful shutdown complete
2026-03-23 21:19:23 - Stopping ProtocolHandler ["http-nio-8095"]
2026-03-23 21:19:23 - Closing JPA EntityManagerFactory for persistence unit 'default'
2026-03-23 21:19:23 - HikariPool-1 - Shutdown initiated...
2026-03-23 21:19:23 - HikariPool-1 - Shutdown completed.
2026-03-23 21:19:27 - Starting PulsogymApplication using Java 17.0.12 with PID 22344 (C:\Users\gmand\OneDrive\Escritorio\PULSO(GYM)\pulsogym\ms-pulso\target\classes started by gmand in C:\Users\gmand\OneDrive\Escritorio\PULSO(GYM)\pulsogym\ms-pulso)
2026-03-23 21:19:27 - No active profile set, falling back to 1 default profile: "default"
2026-03-23 21:19:27 - Bootstrapping Spring Data JPA repositories in DEFAULT mode.
2026-03-23 21:19:27 - Finished Spring Data repository scanning in 66 ms. Found 4 JPA repository interfaces.
2026-03-23 21:19:28 - BeanFactory id=a45c7ade-1d97-303a-9cf1-a1954fcbacde
2026-03-23 21:19:28 - Tomcat initialized with port 8095 (http)
2026-03-23 21:19:28 - Initializing ProtocolHandler ["http-nio-8095"]
2026-03-23 21:19:28 - Starting service [Tomcat]
2026-03-23 21:19:28 - Starting Servlet engine: [Apache Tomcat/10.1.42]
2026-03-23 21:19:28 - Initializing Spring embedded WebApplicationContext
2026-03-23 21:19:28 - Root WebApplicationContext: initialization completed in 1416 ms
2026-03-23 21:19:28 - HHH000204: Processing PersistenceUnitInfo [name: default]
2026-03-23 21:19:28 - HHH000412: Hibernate ORM core version 6.6.18.Final
2026-03-23 21:19:28 - HHH000026: Second-level cache disabled
2026-03-23 21:19:29 - No LoadTimeWeaver setup: ignoring JPA class transformer
2026-03-23 21:19:29 - HikariPool-1 - Starting...
2026-03-23 21:19:29 - HikariPool-1 - Added connection org.mariadb.jdbc.Connection@445b85d7
2026-03-23 21:19:29 - HikariPool-1 - Start completed.
2026-03-23 21:19:29 - HHH90000025: MariaDBDialect does not need to be specified explicitly using 'hibernate.dialect' (remove the property setting and it will be selected by default)
2026-03-23 21:19:29 - HHH10001005: Database info:
	Database JDBC URL [Connecting through datasource 'HikariDataSource (HikariPool-1)']
	Database driver: undefined/unknown
	Database version: 11.5.2
	Autocommit mode: undefined/unknown
	Isolation level: undefined/unknown
	Minimum pool size: undefined/unknown
	Maximum pool size: undefined/unknown
2026-03-23 21:19:30 - HHH000489: No JTA platform available (set 'hibernate.transaction.jta.platform' to enable JTA platform integration)
2026-03-23 21:19:30 - Initialized JPA EntityManagerFactory for persistence unit 'default'
2026-03-23 21:19:30 - Hibernate is in classpath; If applicable, HQL parser will be used.
2026-03-23 21:19:31 - spring.jpa.open-in-view is enabled by default. Therefore, database queries may be performed during view rendering. Explicitly configure spring.jpa.open-in-view to disable this warning
2026-03-23 21:19:32 - Supporting [WS-Addressing August 2004, WS-Addressing 1.0]
2026-03-23 21:19:32 - Starting ProtocolHandler ["http-nio-8095"]
2026-03-23 21:19:32 - Tomcat started on port 8095 (http) with context path '/'
2026-03-23 21:19:32 - Started PulsogymApplication in 6.645 seconds (process running for 7.597)
2026-03-23 21:19:35 - Initializing Spring DispatcherServlet 'dispatcherServlet'
2026-03-23 21:19:35 - Initializing Servlet 'dispatcherServlet'
2026-03-23 21:19:35 - Completed initialization in 2 ms
2026-03-23 21:19:35 - Inicia registrar alumno PerfilAlumno(IdPerfilAlumno=null, idUsuario=null, idPerfilCoach=1, nombre=, apellidop=, apellidom=, fechaNacimiento=, sexo= , telefono=54287485, correo=, frecuenciaEntrenamiento=OTRO, nivel=null, fechaCreacion=null, fechaActualizacion=null, statusOnboarding=CREADO, objetivo=OTRO, activo=null)
2026-03-23 21:19:35 - Enviando usuario UsuarioRequest(correo=, contrasenia=null, rol=ALUMNO, activo=true)
2026-03-23 21:20:22 - Inicia registrar alumno PerfilAlumno(IdPerfilAlumno=null, idUsuario=null, idPerfilCoach=1, nombre=, apellidop=, apellidom=, fechaNacimiento=, sexo= , telefono=54287485, correo=, frecuenciaEntrenamiento=OTRO, nivel=null, fechaCreacion=null, fechaActualizacion=null, statusOnboarding=CREADO, objetivo=OTRO, activo=null)
2026-03-23 21:20:22 - Enviando usuario UsuarioRequest(correo=, contrasenia=null, rol=ALUMNO, activo=true)
2026-03-23 21:20:22 - recibiendo usaurio <200 OK OK,ResponseGenerico(data={id=88, correo=, rol=ALUMNO}, mensaje=Dato insertado correctamente, codigo=200, codigoError=null),[content-type:"application/json", date:"Tue, 24 Mar 2026 03:20:22 GMT", transfer-encoding:"chunked", vary:"Access-Control-Request-Headers", "Access-Control-Request-Method", "Origin"]>
2026-03-23 21:20:22 - SMTP Server Host: smtp.gmail.com
2026-03-23 21:20:22 - SMTP Server Port: 587
2026-03-23 21:20:25 - Correo enviado exitosamente.
2026-03-23 21:20:25 - Error: 1292-22007: Incorrect date value: '' for column `pulso_db`.`perfil_alumno`.`fecha_nacimiento` at row 1
2026-03-23 21:20:25 - SQL Error: 1292, SQLState: 22007
2026-03-23 21:20:25 - (conn=679) Incorrect date value: '' for column `pulso_db`.`perfil_alumno`.`fecha_nacimiento` at row 1
2026-03-23 21:23:29 - Application shutdown requested.
2026-03-23 21:23:29 - Commencing graceful shutdown. Waiting for active requests to complete
2026-03-23 21:23:29 - Pausing ProtocolHandler ["http-nio-8095"]
2026-03-23 21:23:29 - Graceful shutdown complete
2026-03-23 21:23:29 - Stopping ProtocolHandler ["http-nio-8095"]
2026-03-23 21:23:29 - Closing JPA EntityManagerFactory for persistence unit 'default'
2026-03-23 21:23:29 - HikariPool-1 - Shutdown initiated...
2026-03-23 21:23:29 - HikariPool-1 - Shutdown completed.
2026-03-23 21:23:33 - Starting PulsogymApplication using Java 17.0.12 with PID 16464 (C:\Users\gmand\OneDrive\Escritorio\PULSO(GYM)\pulsogym\ms-pulso\target\classes started by gmand in C:\Users\gmand\OneDrive\Escritorio\PULSO(GYM)\pulsogym\ms-pulso)
2026-03-23 21:23:33 - No active profile set, falling back to 1 default profile: "default"
2026-03-23 21:23:33 - Bootstrapping Spring Data JPA repositories in DEFAULT mode.
2026-03-23 21:23:33 - Finished Spring Data repository scanning in 57 ms. Found 4 JPA repository interfaces.
2026-03-23 21:23:34 - BeanFactory id=a45c7ade-1d97-303a-9cf1-a1954fcbacde
2026-03-23 21:23:34 - Tomcat initialized with port 8095 (http)
2026-03-23 21:23:34 - Initializing ProtocolHandler ["http-nio-8095"]
2026-03-23 21:23:34 - Starting service [Tomcat]
2026-03-23 21:23:34 - Starting Servlet engine: [Apache Tomcat/10.1.42]
2026-03-23 21:23:34 - Initializing Spring embedded WebApplicationContext
2026-03-23 21:23:34 - Root WebApplicationContext: initialization completed in 1372 ms
2026-03-23 21:23:34 - HHH000204: Processing PersistenceUnitInfo [name: default]
2026-03-23 21:23:34 - HHH000412: Hibernate ORM core version 6.6.18.Final
2026-03-23 21:23:34 - HHH000026: Second-level cache disabled
2026-03-23 21:23:35 - No LoadTimeWeaver setup: ignoring JPA class transformer
2026-03-23 21:23:35 - HikariPool-1 - Starting...
2026-03-23 21:23:35 - HikariPool-1 - Added connection org.mariadb.jdbc.Connection@d2cb2d0
2026-03-23 21:23:35 - HikariPool-1 - Start completed.
2026-03-23 21:23:35 - HHH90000025: MariaDBDialect does not need to be specified explicitly using 'hibernate.dialect' (remove the property setting and it will be selected by default)
2026-03-23 21:23:35 - HHH10001005: Database info:
	Database JDBC URL [Connecting through datasource 'HikariDataSource (HikariPool-1)']
	Database driver: undefined/unknown
	Database version: 11.5.2
	Autocommit mode: undefined/unknown
	Isolation level: undefined/unknown
	Minimum pool size: undefined/unknown
	Maximum pool size: undefined/unknown
2026-03-23 21:23:36 - HHH000489: No JTA platform available (set 'hibernate.transaction.jta.platform' to enable JTA platform integration)
2026-03-23 21:23:36 - Initialized JPA EntityManagerFactory for persistence unit 'default'
2026-03-23 21:23:36 - Hibernate is in classpath; If applicable, HQL parser will be used.
2026-03-23 21:23:37 - spring.jpa.open-in-view is enabled by default. Therefore, database queries may be performed during view rendering. Explicitly configure spring.jpa.open-in-view to disable this warning
2026-03-23 21:23:38 - Supporting [WS-Addressing August 2004, WS-Addressing 1.0]
2026-03-23 21:23:38 - Starting ProtocolHandler ["http-nio-8095"]
2026-03-23 21:23:38 - Tomcat started on port 8095 (http) with context path '/'
2026-03-23 21:23:38 - Initializing Spring DispatcherServlet 'dispatcherServlet'
2026-03-23 21:23:38 - Initializing Servlet 'dispatcherServlet'
2026-03-23 21:23:38 - Completed initialization in 1 ms
2026-03-23 21:23:38 - Inicia registrar alumno PerfilAlumno(IdPerfilAlumno=null, idUsuario=null, idPerfilCoach=1, nombre=, apellidop=, apellidom=, fechaNacimiento=, sexo= , telefono=54287485, correo=, frecuenciaEntrenamiento=OTRO, nivel=null, fechaCreacion=null, fechaActualizacion=null, statusOnboarding=CREADO, objetivo=OTRO, activo=null)
2026-03-23 21:23:38 - Enviando usuario UsuarioRequest(correo=, contrasenia=null, rol=ALUMNO, activo=true)
2026-03-23 21:23:38 - recibiendo usaurio <200 OK OK,ResponseGenerico(data={id=89, correo=, rol=ALUMNO}, mensaje=Dato insertado correctamente, codigo=200, codigoError=null),[content-type:"application/json", date:"Tue, 24 Mar 2026 03:23:38 GMT", transfer-encoding:"chunked", vary:"Access-Control-Request-Headers", "Access-Control-Request-Method", "Origin"]>
2026-03-23 21:23:38 - Started PulsogymApplication in 6.566 seconds (process running for 7.543)
2026-03-23 21:23:39 - SMTP Server Host: smtp.gmail.com
2026-03-23 21:23:39 - SMTP Server Port: 587
2026-03-23 21:23:42 - Correo enviado exitosamente.
2026-03-23 21:23:42 - Error: 1292-22007: Incorrect date value: '' for column `pulso_db`.`perfil_alumno`.`fecha_nacimiento` at row 1
2026-03-23 21:23:42 - SQL Error: 1292, SQLState: 22007
2026-03-23 21:23:42 - (conn=689) Incorrect date value: '' for column `pulso_db`.`perfil_alumno`.`fecha_nacimiento` at row 1
2026-03-23 21:24:34 - Application shutdown requested.
2026-03-23 21:24:34 - Commencing graceful shutdown. Waiting for active requests to complete
2026-03-23 21:24:34 - Pausing ProtocolHandler ["http-nio-8095"]
2026-03-23 21:24:35 - Graceful shutdown complete
2026-03-23 21:24:35 - Stopping ProtocolHandler ["http-nio-8095"]
2026-03-23 21:24:35 - Closing JPA EntityManagerFactory for persistence unit 'default'
2026-03-23 21:24:35 - HikariPool-1 - Shutdown initiated...
2026-03-23 21:24:35 - HikariPool-1 - Shutdown completed.
2026-03-23 21:24:40 - Starting PulsogymApplication using Java 17.0.12 with PID 22492 (C:\Users\gmand\OneDrive\Escritorio\PULSO(GYM)\pulsogym\ms-pulso\target\classes started by gmand in C:\Users\gmand\OneDrive\Escritorio\PULSO(GYM)\pulsogym\ms-pulso)
2026-03-23 21:24:40 - No active profile set, falling back to 1 default profile: "default"
2026-03-23 21:24:41 - Bootstrapping Spring Data JPA repositories in DEFAULT mode.
2026-03-23 21:24:41 - Finished Spring Data repository scanning in 63 ms. Found 4 JPA repository interfaces.
2026-03-23 21:24:41 - BeanFactory id=a45c7ade-1d97-303a-9cf1-a1954fcbacde
2026-03-23 21:24:42 - Tomcat initialized with port 8095 (http)
2026-03-23 21:24:42 - Initializing ProtocolHandler ["http-nio-8095"]
2026-03-23 21:24:42 - Starting service [Tomcat]
2026-03-23 21:24:42 - Starting Servlet engine: [Apache Tomcat/10.1.42]
2026-03-23 21:24:42 - Initializing Spring embedded WebApplicationContext
2026-03-23 21:24:42 - Root WebApplicationContext: initialization completed in 1531 ms
2026-03-23 21:24:42 - HHH000204: Processing PersistenceUnitInfo [name: default]
2026-03-23 21:24:42 - HHH000412: Hibernate ORM core version 6.6.18.Final
2026-03-23 21:24:42 - HHH000026: Second-level cache disabled
2026-03-23 21:24:42 - No LoadTimeWeaver setup: ignoring JPA class transformer
2026-03-23 21:24:43 - HikariPool-1 - Starting...
2026-03-23 21:24:43 - HikariPool-1 - Added connection org.mariadb.jdbc.Connection@c82ad22
2026-03-23 21:24:43 - HikariPool-1 - Start completed.
2026-03-23 21:24:43 - HHH90000025: MariaDBDialect does not need to be specified explicitly using 'hibernate.dialect' (remove the property setting and it will be selected by default)
2026-03-23 21:24:43 - HHH10001005: Database info:
	Database JDBC URL [Connecting through datasource 'HikariDataSource (HikariPool-1)']
	Database driver: undefined/unknown
	Database version: 11.5.2
	Autocommit mode: undefined/unknown
	Isolation level: undefined/unknown
	Minimum pool size: undefined/unknown
	Maximum pool size: undefined/unknown
2026-03-23 21:24:44 - HHH000489: No JTA platform available (set 'hibernate.transaction.jta.platform' to enable JTA platform integration)
2026-03-23 21:24:44 - Initialized JPA EntityManagerFactory for persistence unit 'default'
2026-03-23 21:24:44 - Hibernate is in classpath; If applicable, HQL parser will be used.
2026-03-23 21:24:45 - spring.jpa.open-in-view is enabled by default. Therefore, database queries may be performed during view rendering. Explicitly configure spring.jpa.open-in-view to disable this warning
2026-03-23 21:24:46 - Supporting [WS-Addressing August 2004, WS-Addressing 1.0]
2026-03-23 21:24:47 - Starting ProtocolHandler ["http-nio-8095"]
2026-03-23 21:24:47 - Tomcat started on port 8095 (http) with context path '/'
2026-03-23 21:24:48 - Started PulsogymApplication in 8.508 seconds (process running for 9.954)
2026-03-23 21:24:48 - Initializing Spring DispatcherServlet 'dispatcherServlet'
2026-03-23 21:24:48 - Initializing Servlet 'dispatcherServlet'
2026-03-23 21:24:48 - Completed initialization in 2 ms
2026-03-23 21:24:48 - Inicia registrar alumno PerfilAlumno(IdPerfilAlumno=null, idUsuario=null, idPerfilCoach=1, nombre=, apellidop=, apellidom=, fechaNacimiento=, sexo= , telefono=54287485, correo=, frecuenciaEntrenamiento=OTRO, nivel=null, fechaCreacion=null, fechaActualizacion=null, statusOnboarding=CREADO, objetivo=OTRO, activo=null)
2026-03-23 21:25:25 - Enviando usuario UsuarioRequest(correo=, contrasenia=null, rol=ALUMNO, activo=true)
2026-03-23 21:25:30 - Application shutdown requested.
2026-03-23 21:25:30 - Commencing graceful shutdown. Waiting for active requests to complete
2026-03-23 21:25:30 - Pausing ProtocolHandler ["http-nio-8095"]
2026-03-23 21:25:30 - Graceful shutdown complete
2026-03-23 21:25:30 - Stopping ProtocolHandler ["http-nio-8095"]
2026-03-23 21:25:30 - Closing JPA EntityManagerFactory for persistence unit 'default'
2026-03-23 21:25:30 - HikariPool-1 - Shutdown initiated...
2026-03-23 21:25:30 - HikariPool-1 - Shutdown completed.
2026-03-23 21:25:34 - Starting PulsogymApplication using Java 17.0.12 with PID 6920 (C:\Users\gmand\OneDrive\Escritorio\PULSO(GYM)\pulsogym\ms-pulso\target\classes started by gmand in C:\Users\gmand\OneDrive\Escritorio\PULSO(GYM)\pulsogym\ms-pulso)
2026-03-23 21:25:34 - No active profile set, falling back to 1 default profile: "default"
2026-03-23 21:25:34 - Bootstrapping Spring Data JPA repositories in DEFAULT mode.
2026-03-23 21:25:34 - Finished Spring Data repository scanning in 66 ms. Found 4 JPA repository interfaces.
2026-03-23 21:25:35 - BeanFactory id=a45c7ade-1d97-303a-9cf1-a1954fcbacde
2026-03-23 21:25:35 - Tomcat initialized with port 8095 (http)
2026-03-23 21:25:35 - Initializing ProtocolHandler ["http-nio-8095"]
2026-03-23 21:25:35 - Starting service [Tomcat]
2026-03-23 21:25:35 - Starting Servlet engine: [Apache Tomcat/10.1.42]
2026-03-23 21:25:35 - Initializing Spring embedded WebApplicationContext
2026-03-23 21:25:35 - Root WebApplicationContext: initialization completed in 1370 ms
2026-03-23 21:25:35 - HHH000204: Processing PersistenceUnitInfo [name: default]
2026-03-23 21:25:35 - HHH000412: Hibernate ORM core version 6.6.18.Final
2026-03-23 21:25:35 - HHH000026: Second-level cache disabled
2026-03-23 21:25:36 - No LoadTimeWeaver setup: ignoring JPA class transformer
2026-03-23 21:25:36 - HikariPool-1 - Starting...
2026-03-23 21:25:36 - HikariPool-1 - Added connection org.mariadb.jdbc.Connection@3bc891f2
2026-03-23 21:25:36 - HikariPool-1 - Start completed.
2026-03-23 21:25:36 - HHH90000025: MariaDBDialect does not need to be specified explicitly using 'hibernate.dialect' (remove the property setting and it will be selected by default)
2026-03-23 21:25:36 - HHH10001005: Database info:
	Database JDBC URL [Connecting through datasource 'HikariDataSource (HikariPool-1)']
	Database driver: undefined/unknown
	Database version: 11.5.2
	Autocommit mode: undefined/unknown
	Isolation level: undefined/unknown
	Minimum pool size: undefined/unknown
	Maximum pool size: undefined/unknown
2026-03-23 21:25:37 - HHH000489: No JTA platform available (set 'hibernate.transaction.jta.platform' to enable JTA platform integration)
2026-03-23 21:25:37 - Initialized JPA EntityManagerFactory for persistence unit 'default'
2026-03-23 21:25:37 - Hibernate is in classpath; If applicable, HQL parser will be used.
2026-03-23 21:25:38 - spring.jpa.open-in-view is enabled by default. Therefore, database queries may be performed during view rendering. Explicitly configure spring.jpa.open-in-view to disable this warning
2026-03-23 21:25:38 - Supporting [WS-Addressing August 2004, WS-Addressing 1.0]
2026-03-23 21:25:39 - Starting ProtocolHandler ["http-nio-8095"]
2026-03-23 21:25:39 - Tomcat started on port 8095 (http) with context path '/'
2026-03-23 21:25:39 - Started PulsogymApplication in 6.201 seconds (process running for 7.218)
2026-03-23 21:25:44 - Initializing Spring DispatcherServlet 'dispatcherServlet'
2026-03-23 21:25:44 - Initializing Servlet 'dispatcherServlet'
2026-03-23 21:25:44 - Completed initialization in 1 ms
2026-03-23 21:25:44 - Inicia registrar alumno PerfilAlumno(IdPerfilAlumno=null, idUsuario=null, idPerfilCoach=1, nombre=, apellidop=, apellidom=, fechaNacimiento=, sexo= , telefono=54287485, correo=, frecuenciaEntrenamiento=OTRO, nivel=null, fechaCreacion=null, fechaActualizacion=null, statusOnboarding=CREADO, objetivo=OTRO, activo=null)
2026-03-23 21:25:44 - Enviando usuario UsuarioRequest(correo=, contrasenia=null, rol=ALUMNO, activo=true)
2026-03-23 21:25:50 - Inicia registrar alumno PerfilAlumno(IdPerfilAlumno=null, idUsuario=null, idPerfilCoach=1, nombre=, apellidop=, apellidom=, fechaNacimiento=, sexo= , telefono=54287485, correo=, frecuenciaEntrenamiento=OTRO, nivel=null, fechaCreacion=null, fechaActualizacion=null, statusOnboarding=CREADO, objetivo=OTRO, activo=null)
2026-03-23 21:25:50 - Enviando usuario UsuarioRequest(correo=, contrasenia=null, rol=ALUMNO, activo=true)
2026-03-23 21:25:53 - Application shutdown requested.
2026-03-23 21:25:53 - Commencing graceful shutdown. Waiting for active requests to complete
2026-03-23 21:25:53 - Pausing ProtocolHandler ["http-nio-8095"]
2026-03-23 21:25:53 - Graceful shutdown complete
2026-03-23 21:25:53 - Stopping ProtocolHandler ["http-nio-8095"]
2026-03-23 21:25:53 - Closing JPA EntityManagerFactory for persistence unit 'default'
2026-03-23 21:25:53 - HikariPool-1 - Shutdown initiated...
2026-03-23 21:25:53 - HikariPool-1 - Shutdown completed.
2026-03-23 21:27:01 - Starting PulsogymApplication using Java 17.0.12 with PID 11600 (C:\Users\gmand\OneDrive\Escritorio\PULSO(GYM)\pulsogym\ms-pulso\target\classes started by gmand in C:\Users\gmand\OneDrive\Escritorio\PULSO(GYM)\pulsogym\ms-pulso)
2026-03-23 21:27:01 - No active profile set, falling back to 1 default profile: "default"
2026-03-23 21:27:02 - Bootstrapping Spring Data JPA repositories in DEFAULT mode.
2026-03-23 21:27:02 - Finished Spring Data repository scanning in 60 ms. Found 4 JPA repository interfaces.
2026-03-23 21:27:02 - BeanFactory id=a45c7ade-1d97-303a-9cf1-a1954fcbacde
2026-03-23 21:27:03 - Tomcat initialized with port 8095 (http)
2026-03-23 21:27:03 - Initializing ProtocolHandler ["http-nio-8095"]
2026-03-23 21:27:03 - Starting service [Tomcat]
2026-03-23 21:27:03 - Starting Servlet engine: [Apache Tomcat/10.1.42]
2026-03-23 21:27:03 - Initializing Spring embedded WebApplicationContext
2026-03-23 21:27:03 - Root WebApplicationContext: initialization completed in 1465 ms
2026-03-23 21:27:03 - HHH000204: Processing PersistenceUnitInfo [name: default]
2026-03-23 21:27:03 - HHH000412: Hibernate ORM core version 6.6.18.Final
2026-03-23 21:27:03 - HHH000026: Second-level cache disabled
2026-03-23 21:27:03 - No LoadTimeWeaver setup: ignoring JPA class transformer
2026-03-23 21:27:03 - HikariPool-1 - Starting...
2026-03-23 21:27:03 - HikariPool-1 - Added connection org.mariadb.jdbc.Connection@1c31de5d
2026-03-23 21:27:03 - HikariPool-1 - Start completed.
2026-03-23 21:27:03 - HHH90000025: MariaDBDialect does not need to be specified explicitly using 'hibernate.dialect' (remove the property setting and it will be selected by default)
2026-03-23 21:27:03 - HHH10001005: Database info:
	Database JDBC URL [Connecting through datasource 'HikariDataSource (HikariPool-1)']
	Database driver: undefined/unknown
	Database version: 11.5.2
	Autocommit mode: undefined/unknown
	Isolation level: undefined/unknown
	Minimum pool size: undefined/unknown
	Maximum pool size: undefined/unknown
2026-03-23 21:27:04 - HHH000489: No JTA platform available (set 'hibernate.transaction.jta.platform' to enable JTA platform integration)
2026-03-23 21:27:04 - Initialized JPA EntityManagerFactory for persistence unit 'default'
2026-03-23 21:27:05 - Hibernate is in classpath; If applicable, HQL parser will be used.
2026-03-23 21:27:06 - spring.jpa.open-in-view is enabled by default. Therefore, database queries may be performed during view rendering. Explicitly configure spring.jpa.open-in-view to disable this warning
2026-03-23 21:27:06 - Supporting [WS-Addressing August 2004, WS-Addressing 1.0]
2026-03-23 21:27:06 - Starting ProtocolHandler ["http-nio-8095"]
2026-03-23 21:27:07 - Tomcat started on port 8095 (http) with context path '/'
2026-03-23 21:27:07 - Initializing Spring DispatcherServlet 'dispatcherServlet'
2026-03-23 21:27:07 - Initializing Servlet 'dispatcherServlet'
2026-03-23 21:27:07 - Completed initialization in 2 ms
2026-03-23 21:27:07 - Started PulsogymApplication in 6.632 seconds (process running for 7.607)
2026-03-23 21:27:07 - Inicia registrar alumno PerfilAlumno(IdPerfilAlumno=null, idUsuario=null, idPerfilCoach=1, nombre=, apellidop=, apellidom=, fechaNacimiento=, sexo= , telefono=54287485, correo=, frecuenciaEntrenamiento=OTRO, nivel=null, fechaCreacion=null, fechaActualizacion=null, statusOnboarding=CREADO, objetivo=OTRO, activo=null)
2026-03-23 21:27:07 - Enviando usuario UsuarioRequest(correo=, contrasenia=null, rol=ALUMNO, activo=true)
2026-03-23 21:27:15 - Application shutdown requested.
2026-03-23 21:27:15 - Commencing graceful shutdown. Waiting for active requests to complete
2026-03-23 21:27:15 - Pausing ProtocolHandler ["http-nio-8095"]
2026-03-23 21:27:15 - Graceful shutdown complete
2026-03-23 21:27:15 - Stopping ProtocolHandler ["http-nio-8095"]
2026-03-23 21:27:15 - Closing JPA EntityManagerFactory for persistence unit 'default'
2026-03-23 21:27:15 - HikariPool-1 - Shutdown initiated...
2026-03-23 21:27:15 - HikariPool-1 - Shutdown completed.
2026-03-23 21:27:19 - Starting PulsogymApplication using Java 17.0.12 with PID 9484 (C:\Users\gmand\OneDrive\Escritorio\PULSO(GYM)\pulsogym\ms-pulso\target\classes started by gmand in C:\Users\gmand\OneDrive\Escritorio\PULSO(GYM)\pulsogym\ms-pulso)
2026-03-23 21:27:19 - No active profile set, falling back to 1 default profile: "default"
2026-03-23 21:27:19 - Bootstrapping Spring Data JPA repositories in DEFAULT mode.
2026-03-23 21:27:19 - Finished Spring Data repository scanning in 65 ms. Found 4 JPA repository interfaces.
2026-03-23 21:27:20 - BeanFactory id=a45c7ade-1d97-303a-9cf1-a1954fcbacde
2026-03-23 21:27:20 - Tomcat initialized with port 8095 (http)
2026-03-23 21:27:20 - Initializing ProtocolHandler ["http-nio-8095"]
2026-03-23 21:27:20 - Starting service [Tomcat]
2026-03-23 21:27:20 - Starting Servlet engine: [Apache Tomcat/10.1.42]
2026-03-23 21:27:20 - Initializing Spring embedded WebApplicationContext
2026-03-23 21:27:20 - Root WebApplicationContext: initialization completed in 1583 ms
2026-03-23 21:27:20 - HHH000204: Processing PersistenceUnitInfo [name: default]
2026-03-23 21:27:20 - HHH000412: Hibernate ORM core version 6.6.18.Final
2026-03-23 21:27:21 - HHH000026: Second-level cache disabled
2026-03-23 21:27:21 - No LoadTimeWeaver setup: ignoring JPA class transformer
2026-03-23 21:27:21 - HikariPool-1 - Starting...
2026-03-23 21:27:21 - HikariPool-1 - Added connection org.mariadb.jdbc.Connection@212e39ee
2026-03-23 21:27:21 - HikariPool-1 - Start completed.
2026-03-23 21:27:21 - HHH90000025: MariaDBDialect does not need to be specified explicitly using 'hibernate.dialect' (remove the property setting and it will be selected by default)
2026-03-23 21:27:21 - HHH10001005: Database info:
	Database JDBC URL [Connecting through datasource 'HikariDataSource (HikariPool-1)']
	Database driver: undefined/unknown
	Database version: 11.5.2
	Autocommit mode: undefined/unknown
	Isolation level: undefined/unknown
	Minimum pool size: undefined/unknown
	Maximum pool size: undefined/unknown
2026-03-23 21:27:22 - HHH000489: No JTA platform available (set 'hibernate.transaction.jta.platform' to enable JTA platform integration)
2026-03-23 21:27:22 - Initialized JPA EntityManagerFactory for persistence unit 'default'
2026-03-23 21:27:23 - Hibernate is in classpath; If applicable, HQL parser will be used.
2026-03-23 21:27:24 - spring.jpa.open-in-view is enabled by default. Therefore, database queries may be performed during view rendering. Explicitly configure spring.jpa.open-in-view to disable this warning
2026-03-23 21:27:24 - Supporting [WS-Addressing August 2004, WS-Addressing 1.0]
2026-03-23 21:27:25 - Starting ProtocolHandler ["http-nio-8095"]
2026-03-23 21:27:25 - Tomcat started on port 8095 (http) with context path '/'
2026-03-23 21:27:26 - Started PulsogymApplication in 8.238 seconds (process running for 9.495)
2026-03-23 21:27:26 - Initializing Spring DispatcherServlet 'dispatcherServlet'
2026-03-23 21:27:26 - Initializing Servlet 'dispatcherServlet'
2026-03-23 21:27:26 - Completed initialization in 2 ms
2026-03-23 21:27:27 - Inicia registrar alumno PerfilAlumno(IdPerfilAlumno=null, idUsuario=null, idPerfilCoach=1, nombre=, apellidop=, apellidom=, fechaNacimiento=, sexo= , telefono=54287485, correo=, frecuenciaEntrenamiento=OTRO, nivel=null, fechaCreacion=null, fechaActualizacion=null, statusOnboarding=CREADO, objetivo=OTRO, activo=null)
2026-03-23 21:27:41 - Enviando usuario UsuarioRequest(correo=, contrasenia=null, rol=ALUMNO, activo=true)
2026-03-23 21:28:26 - Inicia registrar alumno PerfilAlumno(IdPerfilAlumno=null, idUsuario=null, idPerfilCoach=1, nombre=, apellidop=, apellidom=, fechaNacimiento=, sexo= , telefono=54287485, correo=, frecuenciaEntrenamiento=OTRO, nivel=null, fechaCreacion=null, fechaActualizacion=null, statusOnboarding=CREADO, objetivo=OTRO, activo=null)
2026-03-23 21:29:01 - Enviando usuario UsuarioRequest(correo=, contrasenia=null, rol=ALUMNO, activo=true)
2026-03-23 21:29:01 - recibiendo usaurio <200 OK OK,ResponseGenerico(data={id=90, correo=, rol=ALUMNO}, mensaje=Dato insertado correctamente, codigo=200, codigoError=null),[content-type:"application/json", date:"Tue, 24 Mar 2026 03:29:01 GMT", transfer-encoding:"chunked", vary:"Access-Control-Request-Headers", "Access-Control-Request-Method", "Origin"]>
2026-03-23 21:29:09 - SMTP Server Host: smtp.gmail.com
2026-03-23 21:29:09 - SMTP Server Port: 587
2026-03-23 21:29:13 - Correo enviado exitosamente.
2026-03-23 21:29:13 - Error: 1292-22007: Incorrect date value: '' for column `pulso_db`.`perfil_alumno`.`fecha_nacimiento` at row 1
2026-03-23 21:29:13 - SQL Error: 1292, SQLState: 22007
2026-03-23 21:29:13 - (conn=729) Incorrect date value: '' for column `pulso_db`.`perfil_alumno`.`fecha_nacimiento` at row 1
2026-03-23 21:29:31 - Application shutdown requested.
2026-03-23 21:29:31 - Commencing graceful shutdown. Waiting for active requests to complete
2026-03-23 21:29:31 - Pausing ProtocolHandler ["http-nio-8095"]
2026-03-23 21:29:32 - Graceful shutdown complete
2026-03-23 21:29:32 - Stopping ProtocolHandler ["http-nio-8095"]
2026-03-23 21:29:32 - Closing JPA EntityManagerFactory for persistence unit 'default'
2026-03-23 21:29:32 - HikariPool-1 - Shutdown initiated...
2026-03-23 21:29:32 - HikariPool-1 - Shutdown completed.
2026-03-23 21:29:37 - Starting PulsogymApplication using Java 17.0.12 with PID 23344 (C:\Users\gmand\OneDrive\Escritorio\PULSO(GYM)\pulsogym\ms-pulso\target\classes started by gmand in C:\Users\gmand\OneDrive\Escritorio\PULSO(GYM)\pulsogym\ms-pulso)
2026-03-23 21:29:37 - No active profile set, falling back to 1 default profile: "default"
2026-03-23 21:29:38 - Bootstrapping Spring Data JPA repositories in DEFAULT mode.
2026-03-23 21:29:38 - Finished Spring Data repository scanning in 65 ms. Found 4 JPA repository interfaces.
2026-03-23 21:29:38 - BeanFactory id=a45c7ade-1d97-303a-9cf1-a1954fcbacde
2026-03-23 21:29:38 - Tomcat initialized with port 8095 (http)
2026-03-23 21:29:38 - Initializing ProtocolHandler ["http-nio-8095"]
2026-03-23 21:29:38 - Starting service [Tomcat]
2026-03-23 21:29:38 - Starting Servlet engine: [Apache Tomcat/10.1.42]
2026-03-23 21:29:38 - Initializing Spring embedded WebApplicationContext
2026-03-23 21:29:38 - Root WebApplicationContext: initialization completed in 1460 ms
2026-03-23 21:29:39 - HHH000204: Processing PersistenceUnitInfo [name: default]
2026-03-23 21:29:39 - HHH000412: Hibernate ORM core version 6.6.18.Final
2026-03-23 21:29:39 - HHH000026: Second-level cache disabled
2026-03-23 21:29:39 - No LoadTimeWeaver setup: ignoring JPA class transformer
2026-03-23 21:29:39 - HikariPool-1 - Starting...
2026-03-23 21:29:39 - HikariPool-1 - Added connection org.mariadb.jdbc.Connection@1fc5c0b2
2026-03-23 21:29:39 - HikariPool-1 - Start completed.
2026-03-23 21:29:39 - HHH90000025: MariaDBDialect does not need to be specified explicitly using 'hibernate.dialect' (remove the property setting and it will be selected by default)
2026-03-23 21:29:39 - HHH10001005: Database info:
	Database JDBC URL [Connecting through datasource 'HikariDataSource (HikariPool-1)']
	Database driver: undefined/unknown
	Database version: 11.5.2
	Autocommit mode: undefined/unknown
	Isolation level: undefined/unknown
	Minimum pool size: undefined/unknown
	Maximum pool size: undefined/unknown
2026-03-23 21:29:40 - HHH000489: No JTA platform available (set 'hibernate.transaction.jta.platform' to enable JTA platform integration)
2026-03-23 21:29:40 - Initialized JPA EntityManagerFactory for persistence unit 'default'
2026-03-23 21:29:41 - Hibernate is in classpath; If applicable, HQL parser will be used.
2026-03-23 21:29:41 - spring.jpa.open-in-view is enabled by default. Therefore, database queries may be performed during view rendering. Explicitly configure spring.jpa.open-in-view to disable this warning
2026-03-23 21:29:42 - Supporting [WS-Addressing August 2004, WS-Addressing 1.0]
2026-03-23 21:29:42 - Starting ProtocolHandler ["http-nio-8095"]
2026-03-23 21:29:42 - Tomcat started on port 8095 (http) with context path '/'
2026-03-23 21:29:43 - Started PulsogymApplication in 6.409 seconds (process running for 7.388)
2026-03-23 21:29:48 - Initializing Spring DispatcherServlet 'dispatcherServlet'
2026-03-23 21:29:48 - Initializing Servlet 'dispatcherServlet'
2026-03-23 21:29:48 - Completed initialization in 2 ms
2026-03-23 21:29:48 - Inicia registrar alumno PerfilAlumno(IdPerfilAlumno=null, idUsuario=null, idPerfilCoach=1, nombre=, apellidop=, apellidom=, fechaNacimiento=, sexo= , telefono=54287485, correo=, frecuenciaEntrenamiento=OTRO, nivel=null, fechaCreacion=null, fechaActualizacion=null, statusOnboarding=CREADO, objetivo=OTRO, activo=null)
2026-03-23 21:29:48 - Enviando usuario UsuarioRequest(correo=, contrasenia=null, rol=ALUMNO, activo=true)
2026-03-23 21:30:23 - Application shutdown requested.
2026-03-23 21:30:23 - Commencing graceful shutdown. Waiting for active requests to complete
2026-03-23 21:30:23 - Pausing ProtocolHandler ["http-nio-8095"]
2026-03-23 21:30:23 - Graceful shutdown complete
2026-03-23 21:30:23 - Stopping ProtocolHandler ["http-nio-8095"]
2026-03-23 21:30:23 - Closing JPA EntityManagerFactory for persistence unit 'default'
2026-03-23 21:30:23 - HikariPool-1 - Shutdown initiated...
2026-03-23 21:30:23 - HikariPool-1 - Shutdown completed.
2026-03-27 19:59:47 - Starting PulsogymApplication using Java 17.0.12 with PID 18224 (C:\Users\gmand\OneDrive\Escritorio\PULSO(GYM)\pulsogym\ms-pulso\target\classes started by gmand in C:\Users\gmand\OneDrive\Escritorio\PULSO(GYM)\pulsogym\ms-pulso)
2026-03-27 19:59:47 - No active profile set, falling back to 1 default profile: "default"
2026-03-27 19:59:47 - Bootstrapping Spring Data JPA repositories in DEFAULT mode.
2026-03-27 19:59:48 - Finished Spring Data repository scanning in 75 ms. Found 4 JPA repository interfaces.
2026-03-27 19:59:48 - BeanFactory id=a45c7ade-1d97-303a-9cf1-a1954fcbacde
2026-03-27 19:59:48 - Tomcat initialized with port 8095 (http)
2026-03-27 19:59:48 - Initializing ProtocolHandler ["http-nio-8095"]
2026-03-27 19:59:48 - Starting service [Tomcat]
2026-03-27 19:59:48 - Starting Servlet engine: [Apache Tomcat/10.1.42]
2026-03-27 19:59:48 - Initializing Spring embedded WebApplicationContext
2026-03-27 19:59:48 - Root WebApplicationContext: initialization completed in 1611 ms
2026-03-27 19:59:48 - HHH000204: Processing PersistenceUnitInfo [name: default]
2026-03-27 19:59:49 - HHH000412: Hibernate ORM core version 6.6.18.Final
2026-03-27 19:59:49 - HHH000026: Second-level cache disabled
2026-03-27 19:59:49 - No LoadTimeWeaver setup: ignoring JPA class transformer
2026-03-27 19:59:49 - HikariPool-1 - Starting...
2026-03-27 19:59:49 - HikariPool-1 - Added connection org.mariadb.jdbc.Connection@13404f75
2026-03-27 19:59:49 - HikariPool-1 - Start completed.
2026-03-27 19:59:49 - HHH90000025: MariaDBDialect does not need to be specified explicitly using 'hibernate.dialect' (remove the property setting and it will be selected by default)
2026-03-27 19:59:49 - HHH10001005: Database info:
	Database JDBC URL [Connecting through datasource 'HikariDataSource (HikariPool-1)']
	Database driver: undefined/unknown
	Database version: 11.5.2
	Autocommit mode: undefined/unknown
	Isolation level: undefined/unknown
	Minimum pool size: undefined/unknown
	Maximum pool size: undefined/unknown
2026-03-27 19:59:50 - HHH000489: No JTA platform available (set 'hibernate.transaction.jta.platform' to enable JTA platform integration)
2026-03-27 19:59:50 - Initialized JPA EntityManagerFactory for persistence unit 'default'
2026-03-27 19:59:50 - Hibernate is in classpath; If applicable, HQL parser will be used.
2026-03-27 19:59:51 - spring.jpa.open-in-view is enabled by default. Therefore, database queries may be performed during view rendering. Explicitly configure spring.jpa.open-in-view to disable this warning
2026-03-27 19:59:52 - Supporting [WS-Addressing August 2004, WS-Addressing 1.0]
2026-03-27 19:59:52 - Starting ProtocolHandler ["http-nio-8095"]
2026-03-27 19:59:52 - Tomcat started on port 8095 (http) with context path '/'
2026-03-27 19:59:52 - Started PulsogymApplication in 6.479 seconds (process running for 7.519)
2026-03-27 20:04:11 - Initializing Spring DispatcherServlet 'dispatcherServlet'
2026-03-27 20:04:11 - Initializing Servlet 'dispatcherServlet'
2026-03-27 20:04:11 - Completed initialization in 1 ms
2026-03-27 20:43:12 - Inicia registrar alumno PerfilAlumno(IdPerfilAlumno=null, idUsuario=null, idPerfilCoach=1, nombre=Eduardo Daniel, apellidop=Mora , apellidom=Acosta, fechaNacimiento=2000-01-01, sexo=h, telefono=54287485, correo=daniel@gmail.com, frecuenciaEntrenamiento=1 A 2 DIAS, nivel=null, fechaCreacion=null, fechaActualizacion=null, statusOnboarding=CREADO, objetivo=GANAR MASA MUSCULAR, activo=null)
2026-03-27 20:43:12 - Enviando usuario UsuarioRequest(correo=daniel@gmail.com, contrasenia=null, rol=ALUMNO, activo=true)
2026-03-27 20:43:12 - recibiendo usaurio <200 OK OK,ResponseGenerico(data={id=91, correo=daniel@gmail.com, rol=ALUMNO}, mensaje=Dato insertado correctamente, codigo=200, codigoError=null),[content-type:"application/json", date:"Sat, 28 Mar 2026 01:43:12 GMT", transfer-encoding:"chunked", vary:"Access-Control-Request-Headers", "Access-Control-Request-Method", "Origin"]>
2026-03-27 20:43:12 - SMTP Server Host: smtp.gmail.com
2026-03-27 20:43:12 - SMTP Server Port: 587
2026-03-27 20:43:14 - Inicia registrar alumno PerfilAlumno(IdPerfilAlumno=null, idUsuario=null, idPerfilCoach=1, nombre=Eduardo Daniel, apellidop=Mora , apellidom=Acosta, fechaNacimiento=2000-01-01, sexo=h, telefono=54287485, correo=daniel@gmail.com, frecuenciaEntrenamiento=1 A 2 DIAS, nivel=null, fechaCreacion=null, fechaActualizacion=null, statusOnboarding=CREADO, objetivo=GANAR MASA MUSCULAR, activo=null)
2026-03-27 20:43:14 - Enviando usuario UsuarioRequest(correo=daniel@gmail.com, contrasenia=null, rol=ALUMNO, activo=true)
2026-03-27 20:43:15 - Correo enviado exitosamente.
2026-03-27 20:43:15 - Finaliza registrar alumno
2026-03-27 20:47:04 - Application shutdown requested.
2026-03-27 20:47:04 - Commencing graceful shutdown. Waiting for active requests to complete
2026-03-27 20:47:04 - Pausing ProtocolHandler ["http-nio-8095"]
2026-03-27 20:47:04 - Graceful shutdown complete
2026-03-27 20:47:04 - Stopping ProtocolHandler ["http-nio-8095"]
2026-03-27 20:47:04 - Closing JPA EntityManagerFactory for persistence unit 'default'
2026-03-27 20:47:04 - HikariPool-1 - Shutdown initiated...
2026-03-27 20:47:04 - HikariPool-1 - Shutdown completed.
2026-03-30 15:57:21 - Starting PulsogymApplication using Java 17.0.12 with PID 17312 (C:\Users\gmand\OneDrive\Escritorio\PULSO(GYM)\pulsogym\ms-pulso\target\classes started by gmand in C:\Users\gmand\OneDrive\Escritorio\PULSO(GYM)\pulsogym\ms-pulso)
2026-03-30 15:57:21 - No active profile set, falling back to 1 default profile: "default"
2026-03-30 15:57:22 - Bootstrapping Spring Data JPA repositories in DEFAULT mode.
2026-03-30 15:57:22 - Finished Spring Data repository scanning in 62 ms. Found 4 JPA repository interfaces.
2026-03-30 15:57:22 - BeanFactory id=a45c7ade-1d97-303a-9cf1-a1954fcbacde
2026-03-30 15:57:22 - Tomcat initialized with port 8095 (http)
2026-03-30 15:57:22 - Initializing ProtocolHandler ["http-nio-8095"]
2026-03-30 15:57:22 - Starting service [Tomcat]
2026-03-30 15:57:22 - Starting Servlet engine: [Apache Tomcat/10.1.42]
2026-03-30 15:57:22 - Initializing Spring embedded WebApplicationContext
2026-03-30 15:57:22 - Root WebApplicationContext: initialization completed in 1495 ms
2026-03-30 15:57:22 - HHH000204: Processing PersistenceUnitInfo [name: default]
2026-03-30 15:57:23 - HHH000412: Hibernate ORM core version 6.6.18.Final
2026-03-30 15:57:23 - HHH000026: Second-level cache disabled
2026-03-30 15:57:23 - No LoadTimeWeaver setup: ignoring JPA class transformer
2026-03-30 15:57:23 - HikariPool-1 - Starting...
2026-03-30 15:57:23 - HikariPool-1 - Added connection org.mariadb.jdbc.Connection@2cdb5974
2026-03-30 15:57:23 - HikariPool-1 - Start completed.
2026-03-30 15:57:23 - HHH90000025: MariaDBDialect does not need to be specified explicitly using 'hibernate.dialect' (remove the property setting and it will be selected by default)
2026-03-30 15:57:23 - HHH10001005: Database info:
	Database JDBC URL [Connecting through datasource 'HikariDataSource (HikariPool-1)']
	Database driver: undefined/unknown
	Database version: 11.5.2
	Autocommit mode: undefined/unknown
	Isolation level: undefined/unknown
	Minimum pool size: undefined/unknown
	Maximum pool size: undefined/unknown
2026-03-30 15:57:24 - HHH000489: No JTA platform available (set 'hibernate.transaction.jta.platform' to enable JTA platform integration)
2026-03-30 15:57:24 - Initialized JPA EntityManagerFactory for persistence unit 'default'
2026-03-30 15:57:24 - Hibernate is in classpath; If applicable, HQL parser will be used.
2026-03-30 15:57:25 - spring.jpa.open-in-view is enabled by default. Therefore, database queries may be performed during view rendering. Explicitly configure spring.jpa.open-in-view to disable this warning
2026-03-30 15:57:26 - Supporting [WS-Addressing August 2004, WS-Addressing 1.0]
2026-03-30 15:57:26 - Starting ProtocolHandler ["http-nio-8095"]
2026-03-30 15:57:26 - Tomcat started on port 8095 (http) with context path '/'
2026-03-30 15:57:26 - Started PulsogymApplication in 6.466 seconds (process running for 7.432)
2026-03-30 16:00:40 - Initializing Spring DispatcherServlet 'dispatcherServlet'
2026-03-30 16:00:40 - Initializing Servlet 'dispatcherServlet'
2026-03-30 16:00:40 - Completed initialization in 2 ms
2026-03-30 16:07:42 - Inicia registrar alumno PerfilAlumno(IdPerfilAlumno=null, idUsuario=null, idPerfilCoach=1, nombre=, apellidop=, apellidom=, fechaNacimiento=, sexo= , telefono=54287485, correo=, frecuenciaEntrenamiento=OTRO, nivel=null, fechaCreacion=null, fechaActualizacion=null, statusOnboarding=CREADO, objetivo=OTRO, activo=null)
2026-03-30 16:07:42 - Enviando usuario UsuarioRequest(correo=, contrasenia=null, rol=ALUMNO, activo=true)
2026-03-30 16:08:12 - Inicia registrar alumno PerfilAlumno(IdPerfilAlumno=null, idUsuario=null, idPerfilCoach=1, nombre=zxzxzx, apellidop=xzzxcx, apellidom=xzcxzcx, fechaNacimiento=2026-03-30, sexo=h, telefono=54287485, correo=xxzzxc@sdsdsd.com, frecuenciaEntrenamiento=1 A 2 DIAS, nivel=null, fechaCreacion=null, fechaActualizacion=null, statusOnboarding=CREADO, objetivo=GANAR MASA MUSCULAR, activo=null)
2026-03-30 16:08:12 - Enviando usuario UsuarioRequest(correo=xxzzxc@sdsdsd.com, contrasenia=null, rol=ALUMNO, activo=true)
2026-03-30 16:08:12 - recibiendo usaurio <200 OK OK,ResponseGenerico(data={id=92, correo=xxzzxc@sdsdsd.com, rol=ALUMNO}, mensaje=Dato insertado correctamente, codigo=200, codigoError=null),[content-type:"application/json", date:"Mon, 30 Mar 2026 21:08:12 GMT", transfer-encoding:"chunked", vary:"Access-Control-Request-Headers", "Access-Control-Request-Method", "Origin"]>
2026-03-30 16:08:12 - SMTP Server Host: smtp.gmail.com
2026-03-30 16:08:12 - SMTP Server Port: 587
2026-03-30 16:08:15 - Correo enviado exitosamente.
2026-03-30 16:08:15 - Finaliza registrar alumno
2026-03-30 16:43:32 - HikariPool-1 - Thread starvation or clock leap detected (housekeeper delta=1m38s628ms301µs).
2026-03-30 17:39:34 - Inicia registrar alumno PerfilAlumno(IdPerfilAlumno=null, idUsuario=null, idPerfilCoach=1, nombre=sdsd, apellidop=sdsd, apellidom=sdsd, fechaNacimiento=2026-03-04, sexo=h, telefono=54287485, correo=sdssd@gmail.com, frecuenciaEntrenamiento=1 A 2 DIAS, nivel=null, fechaCreacion=null, fechaActualizacion=null, statusOnboarding=CREADO, objetivo=GANAR MASA MUSCULAR, activo=null)
2026-03-30 17:39:34 - Enviando usuario UsuarioRequest(correo=sdssd@gmail.com, contrasenia=null, rol=ALUMNO, activo=true)
2026-03-30 17:39:34 - recibiendo usaurio <200 OK OK,ResponseGenerico(data={id=93, correo=sdssd@gmail.com, rol=ALUMNO}, mensaje=Dato insertado correctamente, codigo=200, codigoError=null),[content-type:"application/json", date:"Mon, 30 Mar 2026 22:39:34 GMT", transfer-encoding:"chunked", vary:"Access-Control-Request-Headers", "Access-Control-Request-Method", "Origin"]>
2026-03-30 17:39:34 - SMTP Server Host: smtp.gmail.com
2026-03-30 17:39:34 - SMTP Server Port: 587
2026-03-30 17:39:36 - Correo enviado exitosamente.
2026-03-30 17:39:36 - Finaliza registrar alumno
2026-03-30 19:42:50 - HikariPool-1 - Thread starvation or clock leap detected (housekeeper delta=1h46s276ms663µs900ns).
2026-03-30 20:49:26 - HikariPool-1 - Thread starvation or clock leap detected (housekeeper delta=1h1m5s667ms262µs100ns).
2026-04-05 17:49:08 - Starting PulsogymApplication using Java 17.0.12 with PID 12152 (C:\Users\gmand\OneDrive\Escritorio\PULSO(GYM)\pulsogym\ms-pulso\target\classes started by gmand in C:\Users\gmand\OneDrive\Escritorio\PULSO(GYM)\pulsogym\ms-pulso)
2026-04-05 17:49:08 - No active profile set, falling back to 1 default profile: "default"
2026-04-05 17:49:12 - Bootstrapping Spring Data JPA repositories in DEFAULT mode.
2026-04-05 17:49:12 - Finished Spring Data repository scanning in 293 ms. Found 5 JPA repository interfaces.
2026-04-05 17:49:14 - BeanFactory id=78ccfc56-7e80-364a-be74-35c684411274
2026-04-05 17:49:16 - Tomcat initialized with port 8095 (http)
2026-04-05 17:49:16 - Initializing ProtocolHandler ["http-nio-8095"]
2026-04-05 17:49:16 - Starting service [Tomcat]
2026-04-05 17:49:16 - Starting Servlet engine: [Apache Tomcat/10.1.42]
2026-04-05 17:49:16 - Initializing Spring embedded WebApplicationContext
2026-04-05 17:49:16 - Root WebApplicationContext: initialization completed in 7432 ms
2026-04-05 17:49:17 - HHH000204: Processing PersistenceUnitInfo [name: default]
2026-04-05 17:49:17 - HHH000412: Hibernate ORM core version 6.6.18.Final
2026-04-05 17:49:17 - HHH000026: Second-level cache disabled
2026-04-05 17:49:19 - No LoadTimeWeaver setup: ignoring JPA class transformer
2026-04-05 17:49:19 - HikariPool-1 - Starting...
2026-04-05 17:49:20 - HikariPool-1 - Added connection org.mariadb.jdbc.Connection@4e756867
2026-04-05 17:49:20 - HikariPool-1 - Start completed.
2026-04-05 17:49:20 - HHH90000025: MariaDBDialect does not need to be specified explicitly using 'hibernate.dialect' (remove the property setting and it will be selected by default)
2026-04-05 17:49:20 - HHH10001005: Database info:
	Database JDBC URL [Connecting through datasource 'HikariDataSource (HikariPool-1)']
	Database driver: undefined/unknown
	Database version: 11.5.2
	Autocommit mode: undefined/unknown
	Isolation level: undefined/unknown
	Minimum pool size: undefined/unknown
	Maximum pool size: undefined/unknown
2026-04-05 17:49:23 - HHH000489: No JTA platform available (set 'hibernate.transaction.jta.platform' to enable JTA platform integration)
2026-04-05 17:49:23 - Initialized JPA EntityManagerFactory for persistence unit 'default'
2026-04-05 17:49:24 - Hibernate is in classpath; If applicable, HQL parser will be used.
2026-04-05 17:49:26 - spring.jpa.open-in-view is enabled by default. Therefore, database queries may be performed during view rendering. Explicitly configure spring.jpa.open-in-view to disable this warning
2026-04-05 17:49:27 - Supporting [WS-Addressing August 2004, WS-Addressing 1.0]
2026-04-05 17:49:27 - Starting ProtocolHandler ["http-nio-8095"]
2026-04-05 17:49:27 - Tomcat started on port 8095 (http) with context path '/'
2026-04-05 17:49:28 - Started PulsogymApplication in 22.574 seconds (process running for 29.701)
2026-04-05 17:51:49 - Initializing Spring DispatcherServlet 'dispatcherServlet'
2026-04-05 17:51:49 - Initializing Servlet 'dispatcherServlet'
2026-04-05 17:51:49 - Completed initialization in 1 ms
2026-04-05 18:06:38 - Inicia registrar alumno PerfilAlumno(IdPerfilAlumno=null, idUsuario=null, idPerfilCoach=1, nombre=ssfsdf, apellidop=sdfsdf, apellidom=sdfsdf, fechaNacimiento=2026-04-02, sexo=h, telefono=54287485, correo=dsfdfs, frecuenciaEntrenamiento=1 A 2 DIAS, nivel=null, fechaCreacion=null, fechaActualizacion=null, statusOnboarding=CREADO, objetivo=GANAR MASA MUSCULAR, activo=null)
2026-04-05 18:06:38 - Enviando usuario UsuarioRequest(correo=dsfdfs, contrasenia=null, rol=ALUMNO, activo=true)
2026-04-05 18:06:39 - recibiendo usaurio <200 OK OK,ResponseGenerico(data={id=94, correo=dsfdfs, rol=ALUMNO}, mensaje=Dato insertado correctamente, codigo=200, codigoError=null),[content-type:"application/json", date:"Mon, 06 Apr 2026 00:06:39 GMT", transfer-encoding:"chunked", vary:"Access-Control-Request-Headers", "Access-Control-Request-Method", "Origin"]>
2026-04-05 18:06:39 - SMTP Server Host: smtp.gmail.com
2026-04-05 18:06:39 - SMTP Server Port: 587
2026-04-05 18:06:43 - Correo enviado exitosamente.
2026-04-05 18:06:43 - Finaliza registrar alumno
2026-04-05 18:09:09 - Inicia registrar alumno PerfilAlumno(IdPerfilAlumno=null, idUsuario=null, idPerfilCoach=1, nombre=sas, apellidop=asas, apellidom=asas, fechaNacimiento=2026-04-28, sexo=h, telefono=54287485, correo=asas, frecuenciaEntrenamiento=1 A 2 DIAS, nivel=null, fechaCreacion=null, fechaActualizacion=null, statusOnboarding=CREADO, objetivo=HIERTROFIA, activo=null)
2026-04-05 18:09:09 - Enviando usuario UsuarioRequest(correo=asas, contrasenia=null, rol=ALUMNO, activo=true)
2026-04-05 18:09:09 - recibiendo usaurio <200 OK OK,ResponseGenerico(data={id=95, correo=asas, rol=ALUMNO}, mensaje=Dato insertado correctamente, codigo=200, codigoError=null),[content-type:"application/json", date:"Mon, 06 Apr 2026 00:09:09 GMT", transfer-encoding:"chunked", vary:"Access-Control-Request-Headers", "Access-Control-Request-Method", "Origin"]>
2026-04-05 18:09:09 - SMTP Server Host: smtp.gmail.com
2026-04-05 18:09:09 - SMTP Server Port: 587
2026-04-05 18:09:12 - Correo enviado exitosamente.
2026-04-05 18:09:12 - Finaliza registrar alumno
2026-04-05 18:10:18 - Inicia registrar alumno PerfilAlumno(IdPerfilAlumno=null, idUsuario=null, idPerfilCoach=1, nombre=asas, apellidop=asas, apellidom=asas, fechaNacimiento=2026-04-15, sexo=h, telefono=54287485, correo=asa, frecuenciaEntrenamiento=1 A 2 DIAS, nivel=null, fechaCreacion=null, fechaActualizacion=null, statusOnboarding=CREADO, objetivo=HIERTROFIA, activo=null)
2026-04-05 18:10:18 - Enviando usuario UsuarioRequest(correo=asa, contrasenia=null, rol=ALUMNO, activo=true)
2026-04-05 18:10:18 - recibiendo usaurio <200 OK OK,ResponseGenerico(data={id=96, correo=asa, rol=ALUMNO}, mensaje=Dato insertado correctamente, codigo=200, codigoError=null),[content-type:"application/json", date:"Mon, 06 Apr 2026 00:10:18 GMT", transfer-encoding:"chunked", vary:"Access-Control-Request-Headers", "Access-Control-Request-Method", "Origin"]>
2026-04-05 18:10:18 - SMTP Server Host: smtp.gmail.com
2026-04-05 18:10:18 - SMTP Server Port: 587
2026-04-05 18:10:21 - Correo enviado exitosamente.
2026-04-05 18:10:21 - Finaliza registrar alumno
2026-04-05 18:13:28 - Inicia registrar alumno PerfilAlumno(IdPerfilAlumno=null, idUsuario=null, idPerfilCoach=1, nombre=asas, apellidop=asas, apellidom=asas, fechaNacimiento=2026-04-05, sexo=h, telefono=54287485, correo=asas, frecuenciaEntrenamiento=1 A 2 DIAS, nivel=null, fechaCreacion=null, fechaActualizacion=null, statusOnboarding=CREADO, objetivo=GANAR MASA MUSCULAR, activo=null)
2026-04-05 18:13:28 - Enviando usuario UsuarioRequest(correo=asas, contrasenia=null, rol=ALUMNO, activo=true)
2026-04-05 18:13:39 - Inicia registrar alumno PerfilAlumno(IdPerfilAlumno=null, idUsuario=null, idPerfilCoach=1, nombre=asasasas, apellidop=asasasa, apellidom=asas, fechaNacimiento=2026-04-05, sexo=h, telefono=54287485, correo=asasasas, frecuenciaEntrenamiento=1 A 2 DIAS, nivel=null, fechaCreacion=null, fechaActualizacion=null, statusOnboarding=CREADO, objetivo=GANAR MASA MUSCULAR, activo=null)
2026-04-05 18:13:39 - Enviando usuario UsuarioRequest(correo=asasasas, contrasenia=null, rol=ALUMNO, activo=true)
2026-04-05 18:13:39 - recibiendo usaurio <200 OK OK,ResponseGenerico(data={id=97, correo=asasasas, rol=ALUMNO}, mensaje=Dato insertado correctamente, codigo=200, codigoError=null),[content-type:"application/json", date:"Mon, 06 Apr 2026 00:13:39 GMT", transfer-encoding:"chunked", vary:"Access-Control-Request-Headers", "Access-Control-Request-Method", "Origin"]>
2026-04-05 18:13:39 - SMTP Server Host: smtp.gmail.com
2026-04-05 18:13:39 - SMTP Server Port: 587
2026-04-05 18:13:42 - Correo enviado exitosamente.
2026-04-05 18:13:42 - Finaliza registrar alumno
2026-04-05 18:14:02 - Inicia registrar alumno PerfilAlumno(IdPerfilAlumno=null, idUsuario=null, idPerfilCoach=1, nombre=asasasas, apellidop=asasasa, apellidom=asas, fechaNacimiento=2026-04-05, sexo=h, telefono=54287485, correo=asasasas, frecuenciaEntrenamiento=1 A 2 DIAS, nivel=null, fechaCreacion=null, fechaActualizacion=null, statusOnboarding=CREADO, objetivo=GANAR MASA MUSCULAR, activo=null)
2026-04-05 18:14:02 - Enviando usuario UsuarioRequest(correo=asasasas, contrasenia=null, rol=ALUMNO, activo=true)
2026-04-05 18:14:08 - Inicia registrar alumno PerfilAlumno(IdPerfilAlumno=null, idUsuario=null, idPerfilCoach=1, nombre=asasasassas, apellidop=asasasaasas, apellidom=asas, fechaNacimiento=2026-04-05, sexo=h, telefono=54287485, correo=asasasas, frecuenciaEntrenamiento=1 A 2 DIAS, nivel=null, fechaCreacion=null, fechaActualizacion=null, statusOnboarding=CREADO, objetivo=GANAR MASA MUSCULAR, activo=null)
2026-04-05 18:14:08 - Enviando usuario UsuarioRequest(correo=asasasas, contrasenia=null, rol=ALUMNO, activo=true)
2026-04-05 18:14:15 - Inicia registrar alumno PerfilAlumno(IdPerfilAlumno=null, idUsuario=null, idPerfilCoach=1, nombre=asasasassas, apellidop=asasasaasas, apellidom=asas, fechaNacimiento=2026-04-05, sexo=h, telefono=54287485, correo=asasasasasasas, frecuenciaEntrenamiento=1 A 2 DIAS, nivel=null, fechaCreacion=null, fechaActualizacion=null, statusOnboarding=CREADO, objetivo=GANAR MASA MUSCULAR, activo=null)
2026-04-05 18:14:15 - Enviando usuario UsuarioRequest(correo=asasasasasasas, contrasenia=null, rol=ALUMNO, activo=true)
2026-04-05 18:14:15 - recibiendo usaurio <200 OK OK,ResponseGenerico(data={id=98, correo=asasasasasasas, rol=ALUMNO}, mensaje=Dato insertado correctamente, codigo=200, codigoError=null),[content-type:"application/json", date:"Mon, 06 Apr 2026 00:14:15 GMT", transfer-encoding:"chunked", vary:"Access-Control-Request-Headers", "Access-Control-Request-Method", "Origin"]>
2026-04-05 18:14:15 - SMTP Server Host: smtp.gmail.com
2026-04-05 18:14:15 - SMTP Server Port: 587
2026-04-05 18:14:18 - Correo enviado exitosamente.
2026-04-05 18:14:18 - Finaliza registrar alumno
2026-04-05 18:15:31 - Inicia registrar alumno PerfilAlumno(IdPerfilAlumno=null, idUsuario=null, idPerfilCoach=1, nombre=111, apellidop=dfsdf, apellidom=sdfsdf, fechaNacimiento=2026-04-05, sexo=h, telefono=54287485, correo=dffdfdfd, frecuenciaEntrenamiento=1 A 2 DIAS, nivel=null, fechaCreacion=null, fechaActualizacion=null, statusOnboarding=CREADO, objetivo=GANAR MASA MUSCULAR, activo=null)
2026-04-05 18:15:31 - Enviando usuario UsuarioRequest(correo=dffdfdfd, contrasenia=null, rol=ALUMNO, activo=true)
2026-04-05 18:15:31 - recibiendo usaurio <200 OK OK,ResponseGenerico(data={id=99, correo=dffdfdfd, rol=ALUMNO}, mensaje=Dato insertado correctamente, codigo=200, codigoError=null),[content-type:"application/json", date:"Mon, 06 Apr 2026 00:15:31 GMT", transfer-encoding:"chunked", vary:"Access-Control-Request-Headers", "Access-Control-Request-Method", "Origin"]>
2026-04-05 18:15:31 - SMTP Server Host: smtp.gmail.com
2026-04-05 18:15:31 - SMTP Server Port: 587
2026-04-05 18:15:34 - Correo enviado exitosamente.
2026-04-05 18:15:34 - Finaliza registrar alumno
2026-04-05 18:16:44 - Inicia registrar alumno PerfilAlumno(IdPerfilAlumno=null, idUsuario=null, idPerfilCoach=1, nombre=dfdsf, apellidop=dsfsdf, apellidom=dfsdf, fechaNacimiento=2026-04-30, sexo=h, telefono=54287485, correo=dfsdfsdf, frecuenciaEntrenamiento=1 A 2 DIAS, nivel=null, fechaCreacion=null, fechaActualizacion=null, statusOnboarding=CREADO, objetivo=GANAR MASA MUSCULAR, activo=null)
2026-04-05 18:16:44 - Enviando usuario UsuarioRequest(correo=dfsdfsdf, contrasenia=null, rol=ALUMNO, activo=true)
2026-04-05 18:16:44 - recibiendo usaurio <200 OK OK,ResponseGenerico(data={id=100, correo=dfsdfsdf, rol=ALUMNO}, mensaje=Dato insertado correctamente, codigo=200, codigoError=null),[content-type:"application/json", date:"Mon, 06 Apr 2026 00:16:44 GMT", transfer-encoding:"chunked", vary:"Access-Control-Request-Headers", "Access-Control-Request-Method", "Origin"]>
2026-04-05 18:16:44 - SMTP Server Host: smtp.gmail.com
2026-04-05 18:16:44 - SMTP Server Port: 587
2026-04-05 18:16:46 - Correo enviado exitosamente.
2026-04-05 18:16:46 - Finaliza registrar alumno
2026-04-05 18:17:18 - Inicia registrar alumno PerfilAlumno(IdPerfilAlumno=null, idUsuario=null, idPerfilCoach=1, nombre=asas, apellidop=asas, apellidom=asas, fechaNacimiento=2026-04-30, sexo=h, telefono=54287485, correo=saasasasasas, frecuenciaEntrenamiento=1 A 2 DIAS, nivel=null, fechaCreacion=null, fechaActualizacion=null, statusOnboarding=CREADO, objetivo=HIERTROFIA, activo=null)
2026-04-05 18:17:18 - Enviando usuario UsuarioRequest(correo=saasasasasas, contrasenia=null, rol=ALUMNO, activo=true)
2026-04-05 18:17:18 - recibiendo usaurio <200 OK OK,ResponseGenerico(data={id=101, correo=saasasasasas, rol=ALUMNO}, mensaje=Dato insertado correctamente, codigo=200, codigoError=null),[content-type:"application/json", date:"Mon, 06 Apr 2026 00:17:18 GMT", transfer-encoding:"chunked", vary:"Access-Control-Request-Headers", "Access-Control-Request-Method", "Origin"]>
2026-04-05 18:17:18 - SMTP Server Host: smtp.gmail.com
2026-04-05 18:17:18 - SMTP Server Port: 587
2026-04-05 18:17:21 - Correo enviado exitosamente.
2026-04-05 18:17:21 - Finaliza registrar alumno
2026-04-05 18:18:00 - Inicia registrar alumno PerfilAlumno(IdPerfilAlumno=null, idUsuario=null, idPerfilCoach=1, nombre=asas, apellidop=asas, apellidom=asas, fechaNacimiento=2026-04-29, sexo=h, telefono=54287485, correo=asdfsdfdf, frecuenciaEntrenamiento=1 A 2 DIAS, nivel=null, fechaCreacion=null, fechaActualizacion=null, statusOnboarding=CREADO, objetivo=HIERTROFIA, activo=null)
2026-04-05 18:18:00 - Enviando usuario UsuarioRequest(correo=asdfsdfdf, contrasenia=null, rol=ALUMNO, activo=true)
2026-04-05 18:18:00 - recibiendo usaurio <200 OK OK,ResponseGenerico(data={id=102, correo=asdfsdfdf, rol=ALUMNO}, mensaje=Dato insertado correctamente, codigo=200, codigoError=null),[content-type:"application/json", date:"Mon, 06 Apr 2026 00:18:00 GMT", transfer-encoding:"chunked", vary:"Access-Control-Request-Headers", "Access-Control-Request-Method", "Origin"]>
2026-04-05 18:18:00 - SMTP Server Host: smtp.gmail.com
2026-04-05 18:18:00 - SMTP Server Port: 587
2026-04-05 18:18:04 - Correo enviado exitosamente.
2026-04-05 18:18:04 - Finaliza registrar alumno
2026-04-05 18:18:50 - Inicia registrar alumno PerfilAlumno(IdPerfilAlumno=null, idUsuario=null, idPerfilCoach=1, nombre=asas, apellidop=asas, apellidom=asas, fechaNacimiento=2026-04-29, sexo=h, telefono=54287485, correo=asdfsdfdf, frecuenciaEntrenamiento=1 A 2 DIAS, nivel=null, fechaCreacion=null, fechaActualizacion=null, statusOnboarding=CREADO, objetivo=HIERTROFIA, activo=null)
2026-04-05 18:18:50 - Enviando usuario UsuarioRequest(correo=asdfsdfdf, contrasenia=null, rol=ALUMNO, activo=true)
2026-04-05 18:19:10 - Inicia registrar alumno PerfilAlumno(IdPerfilAlumno=null, idUsuario=null, idPerfilCoach=1, nombre=dfsdf, apellidop=sdfsf, apellidom=sdfsdf, fechaNacimiento=2026-04-29, sexo=h, telefono=54287485, correo=dsfsdfsdf, frecuenciaEntrenamiento=1 A 2 DIAS, nivel=null, fechaCreacion=null, fechaActualizacion=null, statusOnboarding=CREADO, objetivo=GANAR MASA MUSCULAR, activo=null)
2026-04-05 18:19:10 - Enviando usuario UsuarioRequest(correo=dsfsdfsdf, contrasenia=null, rol=ALUMNO, activo=true)
2026-04-05 18:19:10 - recibiendo usaurio <200 OK OK,ResponseGenerico(data={id=103, correo=dsfsdfsdf, rol=ALUMNO}, mensaje=Dato insertado correctamente, codigo=200, codigoError=null),[content-type:"application/json", date:"Mon, 06 Apr 2026 00:19:10 GMT", transfer-encoding:"chunked", vary:"Access-Control-Request-Headers", "Access-Control-Request-Method", "Origin"]>
2026-04-05 18:19:10 - SMTP Server Host: smtp.gmail.com
2026-04-05 18:19:10 - SMTP Server Port: 587
2026-04-05 18:19:13 - Correo enviado exitosamente.
2026-04-05 18:19:13 - Finaliza registrar alumno
2026-04-05 18:19:56 - Inicia registrar alumno PerfilAlumno(IdPerfilAlumno=null, idUsuario=null, idPerfilCoach=1, nombre=asas, apellidop=asas, apellidom=asas, fechaNacimiento=2026-04-05, sexo=h, telefono=54287485, correo=asas, frecuenciaEntrenamiento=1 A 2 DIAS, nivel=null, fechaCreacion=null, fechaActualizacion=null, statusOnboarding=CREADO, objetivo=HIERTROFIA, activo=null)
2026-04-05 18:19:56 - Enviando usuario UsuarioRequest(correo=asas, contrasenia=null, rol=ALUMNO, activo=true)
2026-04-05 18:19:59 - Inicia registrar alumno PerfilAlumno(IdPerfilAlumno=null, idUsuario=null, idPerfilCoach=1, nombre=asas, apellidop=asas, apellidom=asas, fechaNacimiento=2026-04-05, sexo=h, telefono=54287485, correo=asasssss, frecuenciaEntrenamiento=1 A 2 DIAS, nivel=null, fechaCreacion=null, fechaActualizacion=null, statusOnboarding=CREADO, objetivo=HIERTROFIA, activo=null)
2026-04-05 18:19:59 - Enviando usuario UsuarioRequest(correo=asasssss, contrasenia=null, rol=ALUMNO, activo=true)
2026-04-05 18:19:59 - recibiendo usaurio <200 OK OK,ResponseGenerico(data={id=104, correo=asasssss, rol=ALUMNO}, mensaje=Dato insertado correctamente, codigo=200, codigoError=null),[content-type:"application/json", date:"Mon, 06 Apr 2026 00:19:59 GMT", transfer-encoding:"chunked", vary:"Access-Control-Request-Headers", "Access-Control-Request-Method", "Origin"]>
2026-04-05 18:19:59 - SMTP Server Host: smtp.gmail.com
2026-04-05 18:19:59 - SMTP Server Port: 587
2026-04-05 18:20:03 - Correo enviado exitosamente.
2026-04-05 18:20:03 - Finaliza registrar alumno
2026-04-05 18:20:55 - Inicia registrar alumno PerfilAlumno(IdPerfilAlumno=null, idUsuario=null, idPerfilCoach=1, nombre=asas, apellidop=asas, apellidom=asas, fechaNacimiento=2026-04-22, sexo=h, telefono=54287485, correo=asasasasaaaa, frecuenciaEntrenamiento=1 A 2 DIAS, nivel=null, fechaCreacion=null, fechaActualizacion=null, statusOnboarding=CREADO, objetivo=GANAR MASA MUSCULAR, activo=null)
2026-04-05 18:20:55 - Enviando usuario UsuarioRequest(correo=asasasasaaaa, contrasenia=null, rol=ALUMNO, activo=true)
2026-04-05 18:20:55 - recibiendo usaurio <200 OK OK,ResponseGenerico(data={id=105, correo=asasasasaaaa, rol=ALUMNO}, mensaje=Dato insertado correctamente, codigo=200, codigoError=null),[content-type:"application/json", date:"Mon, 06 Apr 2026 00:20:55 GMT", transfer-encoding:"chunked", vary:"Access-Control-Request-Headers", "Access-Control-Request-Method", "Origin"]>
2026-04-05 18:20:55 - SMTP Server Host: smtp.gmail.com
2026-04-05 18:20:55 - SMTP Server Port: 587
2026-04-05 18:20:57 - Correo enviado exitosamente.
2026-04-05 18:20:57 - Finaliza registrar alumno
2026-04-05 18:22:34 - Inicia registrar alumno PerfilAlumno(IdPerfilAlumno=null, idUsuario=null, idPerfilCoach=1, nombre=aaa, apellidop=aaa, apellidom=aa, fechaNacimiento=2026-04-05, sexo=h, telefono=54287485, correo=assasas, frecuenciaEntrenamiento=1 A 2 DIAS, nivel=null, fechaCreacion=null, fechaActualizacion=null, statusOnboarding=CREADO, objetivo=GANAR MASA MUSCULAR, activo=null)
2026-04-05 18:22:34 - Enviando usuario UsuarioRequest(correo=assasas, contrasenia=null, rol=ALUMNO, activo=true)
2026-04-05 18:22:34 - recibiendo usaurio <200 OK OK,ResponseGenerico(data={id=106, correo=assasas, rol=ALUMNO}, mensaje=Dato insertado correctamente, codigo=200, codigoError=null),[content-type:"application/json", date:"Mon, 06 Apr 2026 00:22:34 GMT", transfer-encoding:"chunked", vary:"Access-Control-Request-Headers", "Access-Control-Request-Method", "Origin"]>
2026-04-05 18:22:34 - SMTP Server Host: smtp.gmail.com
2026-04-05 18:22:34 - SMTP Server Port: 587
2026-04-05 18:22:35 - Correo enviado exitosamente.
2026-04-05 18:22:35 - Finaliza registrar alumno
2026-04-05 18:24:13 - Inicia registrar alumno PerfilAlumno(IdPerfilAlumno=null, idUsuario=null, idPerfilCoach=1, nombre=asasa, apellidop=asas, apellidom=asas, fechaNacimiento=2026-04-14, sexo=h, telefono=54287485, correo=asasaaaaaaaa, frecuenciaEntrenamiento=1 A 2 DIAS, nivel=null, fechaCreacion=null, fechaActualizacion=null, statusOnboarding=CREADO, objetivo=GANAR MASA MUSCULAR, activo=null)
2026-04-05 18:24:13 - Enviando usuario UsuarioRequest(correo=asasaaaaaaaa, contrasenia=null, rol=ALUMNO, activo=true)
2026-04-05 18:24:13 - recibiendo usaurio <200 OK OK,ResponseGenerico(data={id=107, correo=asasaaaaaaaa, rol=ALUMNO}, mensaje=Dato insertado correctamente, codigo=200, codigoError=null),[content-type:"application/json", date:"Mon, 06 Apr 2026 00:24:13 GMT", transfer-encoding:"chunked", vary:"Access-Control-Request-Headers", "Access-Control-Request-Method", "Origin"]>
2026-04-05 18:24:13 - SMTP Server Host: smtp.gmail.com
2026-04-05 18:24:13 - SMTP Server Port: 587
2026-04-05 18:24:17 - Correo enviado exitosamente.
2026-04-05 18:24:17 - Finaliza registrar alumno
2026-04-05 20:42:37 - Starting PulsogymApplication using Java 17.0.12 with PID 19424 (C:\Users\gmand\OneDrive\Escritorio\PULSO(GYM)\pulsogym\ms-pulso\target\classes started by gmand in C:\Users\gmand\OneDrive\Escritorio\PULSO(GYM)\pulsogym\ms-pulso)
2026-04-05 20:42:37 - No active profile set, falling back to 1 default profile: "default"
2026-04-05 20:42:38 - Bootstrapping Spring Data JPA repositories in DEFAULT mode.
2026-04-05 20:42:38 - Finished Spring Data repository scanning in 89 ms. Found 5 JPA repository interfaces.
2026-04-05 20:42:39 - BeanFactory id=78ccfc56-7e80-364a-be74-35c684411274
2026-04-05 20:42:40 - Tomcat initialized with port 8095 (http)
2026-04-05 20:42:40 - Initializing ProtocolHandler ["http-nio-8095"]
2026-04-05 20:42:40 - Starting service [Tomcat]
2026-04-05 20:42:40 - Starting Servlet engine: [Apache Tomcat/10.1.42]
2026-04-05 20:42:40 - Initializing Spring embedded WebApplicationContext
2026-04-05 20:42:40 - Root WebApplicationContext: initialization completed in 2986 ms
2026-04-05 20:42:40 - HHH000204: Processing PersistenceUnitInfo [name: default]
2026-04-05 20:42:40 - HHH000412: Hibernate ORM core version 6.6.18.Final
2026-04-05 20:42:41 - HHH000026: Second-level cache disabled
2026-04-05 20:42:41 - No LoadTimeWeaver setup: ignoring JPA class transformer
2026-04-05 20:42:42 - HikariPool-1 - Starting...
2026-04-05 20:42:42 - HikariPool-1 - Added connection org.mariadb.jdbc.Connection@3d59933
2026-04-05 20:42:42 - HikariPool-1 - Start completed.
2026-04-05 20:42:42 - HHH90000025: MariaDBDialect does not need to be specified explicitly using 'hibernate.dialect' (remove the property setting and it will be selected by default)
2026-04-05 20:42:42 - HHH10001005: Database info:
	Database JDBC URL [Connecting through datasource 'HikariDataSource (HikariPool-1)']
	Database driver: undefined/unknown
	Database version: 11.5.2
	Autocommit mode: undefined/unknown
	Isolation level: undefined/unknown
	Minimum pool size: undefined/unknown
	Maximum pool size: undefined/unknown
2026-04-05 20:42:45 - HHH000489: No JTA platform available (set 'hibernate.transaction.jta.platform' to enable JTA platform integration)
2026-04-05 20:42:45 - Initialized JPA EntityManagerFactory for persistence unit 'default'
2026-04-05 20:42:46 - Hibernate is in classpath; If applicable, HQL parser will be used.
2026-04-05 20:42:48 - spring.jpa.open-in-view is enabled by default. Therefore, database queries may be performed during view rendering. Explicitly configure spring.jpa.open-in-view to disable this warning
2026-04-05 20:42:49 - Supporting [WS-Addressing August 2004, WS-Addressing 1.0]
2026-04-05 20:42:50 - Starting ProtocolHandler ["http-nio-8095"]
2026-04-05 20:42:50 - Exception encountered during context initialization - cancelling refresh attempt: org.springframework.context.ApplicationContextException: Failed to start bean 'webServerStartStop'
2026-04-05 20:42:50 - Closing JPA EntityManagerFactory for persistence unit 'default'
2026-04-05 20:42:50 - HikariPool-1 - Shutdown initiated...
2026-04-05 20:42:50 - HikariPool-1 - Shutdown completed.
2026-04-05 20:42:50 - 

Error starting ApplicationContext. To display the condition evaluation report re-run your application with 'debug' enabled.
2026-04-05 20:42:50 - 

***************************
APPLICATION FAILED TO START
***************************

Description:

Web server failed to start. Port 8095 was already in use.

Action:

Identify and stop the process that's listening on port 8095 or configure this application to listen on another port.

2026-04-05 20:44:04 - Starting PulsogymApplication using Java 17.0.12 with PID 22464 (C:\Users\gmand\OneDrive\Escritorio\PULSO(GYM)\pulsogym\ms-pulso\target\classes started by gmand in C:\Users\gmand\OneDrive\Escritorio\PULSO(GYM)\pulsogym\ms-pulso)
2026-04-05 20:44:04 - No active profile set, falling back to 1 default profile: "default"
2026-04-05 20:44:05 - Bootstrapping Spring Data JPA repositories in DEFAULT mode.
2026-04-05 20:44:06 - Finished Spring Data repository scanning in 317 ms. Found 5 JPA repository interfaces.
2026-04-05 20:44:07 - BeanFactory id=78ccfc56-7e80-364a-be74-35c684411274
2026-04-05 20:44:08 - Tomcat initialized with port 8095 (http)
2026-04-05 20:44:08 - Initializing ProtocolHandler ["http-nio-8095"]
2026-04-05 20:44:08 - Starting service [Tomcat]
2026-04-05 20:44:08 - Starting Servlet engine: [Apache Tomcat/10.1.42]
2026-04-05 20:44:08 - Initializing Spring embedded WebApplicationContext
2026-04-05 20:44:08 - Root WebApplicationContext: initialization completed in 4167 ms
2026-04-05 20:44:09 - HHH000204: Processing PersistenceUnitInfo [name: default]
2026-04-05 20:44:09 - HHH000412: Hibernate ORM core version 6.6.18.Final
2026-04-05 20:44:09 - HHH000026: Second-level cache disabled
2026-04-05 20:44:10 - No LoadTimeWeaver setup: ignoring JPA class transformer
2026-04-05 20:44:10 - HikariPool-1 - Starting...
2026-04-05 20:44:10 - HikariPool-1 - Added connection org.mariadb.jdbc.Connection@1fc5c0b2
2026-04-05 20:44:10 - HikariPool-1 - Start completed.
2026-04-05 20:44:10 - HHH90000025: MariaDBDialect does not need to be specified explicitly using 'hibernate.dialect' (remove the property setting and it will be selected by default)
2026-04-05 20:44:10 - HHH10001005: Database info:
	Database JDBC URL [Connecting through datasource 'HikariDataSource (HikariPool-1)']
	Database driver: undefined/unknown
	Database version: 11.5.2
	Autocommit mode: undefined/unknown
	Isolation level: undefined/unknown
	Minimum pool size: undefined/unknown
	Maximum pool size: undefined/unknown
2026-04-05 20:44:13 - HHH000489: No JTA platform available (set 'hibernate.transaction.jta.platform' to enable JTA platform integration)
2026-04-05 20:44:13 - Initialized JPA EntityManagerFactory for persistence unit 'default'
2026-04-05 20:44:13 - Hibernate is in classpath; If applicable, HQL parser will be used.
2026-04-05 20:44:15 - spring.jpa.open-in-view is enabled by default. Therefore, database queries may be performed during view rendering. Explicitly configure spring.jpa.open-in-view to disable this warning
2026-04-05 20:44:17 - Supporting [WS-Addressing August 2004, WS-Addressing 1.0]
2026-04-05 20:44:18 - Starting ProtocolHandler ["http-nio-8095"]
2026-04-05 20:44:18 - Exception encountered during context initialization - cancelling refresh attempt: org.springframework.context.ApplicationContextException: Failed to start bean 'webServerStartStop'
2026-04-05 20:44:18 - Closing JPA EntityManagerFactory for persistence unit 'default'
2026-04-05 20:44:18 - HikariPool-1 - Shutdown initiated...
2026-04-05 20:44:18 - HikariPool-1 - Shutdown completed.
2026-04-05 20:44:18 - 

Error starting ApplicationContext. To display the condition evaluation report re-run your application with 'debug' enabled.
2026-04-05 20:44:18 - 

***************************
APPLICATION FAILED TO START
***************************

Description:

Web server failed to start. Port 8095 was already in use.

Action:

Identify and stop the process that's listening on port 8095 or configure this application to listen on another port.

2026-04-05 20:45:07 - Starting PulsogymApplication using Java 17.0.12 with PID 19884 (C:\Users\gmand\OneDrive\Escritorio\PULSO(GYM)\pulsogym\ms-pulso\target\classes started by gmand in C:\Users\gmand\OneDrive\Escritorio\PULSO(GYM)\pulsogym\ms-pulso)
2026-04-05 20:45:07 - No active profile set, falling back to 1 default profile: "default"
2026-04-05 20:45:09 - Bootstrapping Spring Data JPA repositories in DEFAULT mode.
2026-04-05 20:45:09 - Finished Spring Data repository scanning in 267 ms. Found 5 JPA repository interfaces.
2026-04-05 20:45:10 - BeanFactory id=78ccfc56-7e80-364a-be74-35c684411274
2026-04-05 20:45:11 - Tomcat initialized with port 8095 (http)
2026-04-05 20:45:11 - Initializing ProtocolHandler ["http-nio-8095"]
2026-04-05 20:45:11 - Starting service [Tomcat]
2026-04-05 20:45:11 - Starting Servlet engine: [Apache Tomcat/10.1.42]
2026-04-05 20:45:11 - Initializing Spring embedded WebApplicationContext
2026-04-05 20:45:11 - Root WebApplicationContext: initialization completed in 4319 ms
2026-04-05 20:45:12 - HHH000204: Processing PersistenceUnitInfo [name: default]
2026-04-05 20:45:12 - HHH000412: Hibernate ORM core version 6.6.18.Final
2026-04-05 20:45:12 - HHH000026: Second-level cache disabled
2026-04-05 20:45:13 - No LoadTimeWeaver setup: ignoring JPA class transformer
2026-04-05 20:45:13 - HikariPool-1 - Starting...
2026-04-05 20:45:14 - HikariPool-1 - Added connection org.mariadb.jdbc.Connection@45ad3cd8
2026-04-05 20:45:14 - HikariPool-1 - Start completed.
2026-04-05 20:45:14 - HHH90000025: MariaDBDialect does not need to be specified explicitly using 'hibernate.dialect' (remove the property setting and it will be selected by default)
2026-04-05 20:45:14 - HHH10001005: Database info:
	Database JDBC URL [Connecting through datasource 'HikariDataSource (HikariPool-1)']
	Database driver: undefined/unknown
	Database version: 11.5.2
	Autocommit mode: undefined/unknown
	Isolation level: undefined/unknown
	Minimum pool size: undefined/unknown
	Maximum pool size: undefined/unknown
2026-04-05 20:45:17 - HHH000489: No JTA platform available (set 'hibernate.transaction.jta.platform' to enable JTA platform integration)
2026-04-05 20:45:17 - Initialized JPA EntityManagerFactory for persistence unit 'default'
2026-04-05 20:45:18 - Hibernate is in classpath; If applicable, HQL parser will be used.
2026-04-05 20:45:20 - spring.jpa.open-in-view is enabled by default. Therefore, database queries may be performed during view rendering. Explicitly configure spring.jpa.open-in-view to disable this warning
2026-04-05 20:45:21 - Supporting [WS-Addressing August 2004, WS-Addressing 1.0]
2026-04-05 20:45:22 - Starting ProtocolHandler ["http-nio-8095"]
2026-04-05 20:45:22 - Tomcat started on port 8095 (http) with context path '/'
2026-04-05 20:45:23 - Started PulsogymApplication in 17.868 seconds (process running for 19.583)
2026-04-05 20:46:04 - Initializing Spring DispatcherServlet 'dispatcherServlet'
2026-04-05 20:46:04 - Initializing Servlet 'dispatcherServlet'
2026-04-05 20:46:04 - Completed initialization in 4 ms
2026-04-05 20:59:30 - Starting PulsogymApplication using Java 17.0.12 with PID 11972 (C:\Users\gmand\OneDrive\Escritorio\PULSO(GYM)\pulsogym\ms-pulso\target\classes started by gmand in C:\Users\gmand\OneDrive\Escritorio\PULSO(GYM)\pulsogym\ms-pulso)
2026-04-05 20:59:30 - No active profile set, falling back to 1 default profile: "default"
2026-04-05 20:59:32 - Bootstrapping Spring Data JPA repositories in DEFAULT mode.
2026-04-05 20:59:32 - Finished Spring Data repository scanning in 131 ms. Found 5 JPA repository interfaces.
2026-04-05 20:59:32 - BeanFactory id=78ccfc56-7e80-364a-be74-35c684411274
2026-04-05 20:59:33 - Tomcat initialized with port 8095 (http)
2026-04-05 20:59:33 - Initializing ProtocolHandler ["http-nio-8095"]
2026-04-05 20:59:33 - Starting service [Tomcat]
2026-04-05 20:59:33 - Starting Servlet engine: [Apache Tomcat/10.1.42]
2026-04-05 20:59:33 - Initializing Spring embedded WebApplicationContext
2026-04-05 20:59:33 - Root WebApplicationContext: initialization completed in 2927 ms
2026-04-05 20:59:34 - HHH000204: Processing PersistenceUnitInfo [name: default]
2026-04-05 20:59:34 - HHH000412: Hibernate ORM core version 6.6.18.Final
2026-04-05 20:59:34 - HHH000026: Second-level cache disabled
2026-04-05 20:59:35 - No LoadTimeWeaver setup: ignoring JPA class transformer
2026-04-05 20:59:35 - HikariPool-1 - Starting...
2026-04-05 20:59:35 - HikariPool-1 - Added connection org.mariadb.jdbc.Connection@445b85d7
2026-04-05 20:59:35 - HikariPool-1 - Start completed.
2026-04-05 20:59:35 - HHH90000025: MariaDBDialect does not need to be specified explicitly using 'hibernate.dialect' (remove the property setting and it will be selected by default)
2026-04-05 20:59:35 - HHH10001005: Database info:
	Database JDBC URL [Connecting through datasource 'HikariDataSource (HikariPool-1)']
	Database driver: undefined/unknown
	Database version: 11.5.2
	Autocommit mode: undefined/unknown
	Isolation level: undefined/unknown
	Minimum pool size: undefined/unknown
	Maximum pool size: undefined/unknown
2026-04-05 20:59:38 - HHH000489: No JTA platform available (set 'hibernate.transaction.jta.platform' to enable JTA platform integration)
2026-04-05 20:59:38 - Initialized JPA EntityManagerFactory for persistence unit 'default'
2026-04-05 20:59:39 - Hibernate is in classpath; If applicable, HQL parser will be used.
2026-04-05 20:59:41 - spring.jpa.open-in-view is enabled by default. Therefore, database queries may be performed during view rendering. Explicitly configure spring.jpa.open-in-view to disable this warning
2026-04-05 20:59:42 - Supporting [WS-Addressing August 2004, WS-Addressing 1.0]
2026-04-05 20:59:43 - Starting ProtocolHandler ["http-nio-8095"]
2026-04-05 20:59:43 - Tomcat started on port 8095 (http) with context path '/'
2026-04-05 20:59:44 - Started PulsogymApplication in 15.239 seconds (process running for 17.157)
2026-04-05 20:59:59 - Initializing Spring DispatcherServlet 'dispatcherServlet'
2026-04-05 20:59:59 - Initializing Servlet 'dispatcherServlet'
2026-04-05 20:59:59 - Completed initialization in 2 ms
2026-04-05 21:00:14 - Application shutdown requested.
2026-04-05 21:00:14 - Commencing graceful shutdown. Waiting for active requests to complete
2026-04-05 21:00:14 - Pausing ProtocolHandler ["http-nio-8095"]
2026-04-05 21:00:14 - Graceful shutdown complete
2026-04-05 21:00:14 - Stopping ProtocolHandler ["http-nio-8095"]
2026-04-05 21:00:14 - Closing JPA EntityManagerFactory for persistence unit 'default'
2026-04-05 21:00:14 - HikariPool-1 - Shutdown initiated...
2026-04-05 21:00:14 - HikariPool-1 - Shutdown completed.
2026-04-05 21:00:21 - Starting PulsogymApplication using Java 17.0.12 with PID 3132 (C:\Users\gmand\OneDrive\Escritorio\PULSO(GYM)\pulsogym\ms-pulso\target\classes started by gmand in C:\Users\gmand\OneDrive\Escritorio\PULSO(GYM)\pulsogym\ms-pulso)
2026-04-05 21:00:21 - No active profile set, falling back to 1 default profile: "default"
2026-04-05 21:00:23 - Bootstrapping Spring Data JPA repositories in DEFAULT mode.
2026-04-05 21:00:23 - Finished Spring Data repository scanning in 182 ms. Found 5 JPA repository interfaces.
2026-04-05 21:00:24 - BeanFactory id=78ccfc56-7e80-364a-be74-35c684411274
2026-04-05 21:00:25 - Tomcat initialized with port 8095 (http)
2026-04-05 21:00:25 - Initializing ProtocolHandler ["http-nio-8095"]
2026-04-05 21:00:25 - Starting service [Tomcat]
2026-04-05 21:00:25 - Starting Servlet engine: [Apache Tomcat/10.1.42]
2026-04-05 21:00:25 - Initializing Spring embedded WebApplicationContext
2026-04-05 21:00:25 - Root WebApplicationContext: initialization completed in 3496 ms
2026-04-05 21:00:25 - HHH000204: Processing PersistenceUnitInfo [name: default]
2026-04-05 21:00:26 - HHH000412: Hibernate ORM core version 6.6.18.Final
2026-04-05 21:00:26 - HHH000026: Second-level cache disabled
2026-04-05 21:00:26 - No LoadTimeWeaver setup: ignoring JPA class transformer
2026-04-05 21:00:26 - HikariPool-1 - Starting...
2026-04-05 21:00:27 - HikariPool-1 - Added connection org.mariadb.jdbc.Connection@616f81b5
2026-04-05 21:00:27 - HikariPool-1 - Start completed.
2026-04-05 21:00:27 - HHH90000025: MariaDBDialect does not need to be specified explicitly using 'hibernate.dialect' (remove the property setting and it will be selected by default)
2026-04-05 21:00:27 - HHH10001005: Database info:
	Database JDBC URL [Connecting through datasource 'HikariDataSource (HikariPool-1)']
	Database driver: undefined/unknown
	Database version: 11.5.2
	Autocommit mode: undefined/unknown
	Isolation level: undefined/unknown
	Minimum pool size: undefined/unknown
	Maximum pool size: undefined/unknown
2026-04-05 21:00:29 - HHH000489: No JTA platform available (set 'hibernate.transaction.jta.platform' to enable JTA platform integration)
2026-04-05 21:00:29 - Initialized JPA EntityManagerFactory for persistence unit 'default'
2026-04-05 21:00:30 - Hibernate is in classpath; If applicable, HQL parser will be used.
2026-04-05 21:00:31 - spring.jpa.open-in-view is enabled by default. Therefore, database queries may be performed during view rendering. Explicitly configure spring.jpa.open-in-view to disable this warning
2026-04-05 21:00:33 - Supporting [WS-Addressing August 2004, WS-Addressing 1.0]
2026-04-05 21:00:34 - Starting ProtocolHandler ["http-nio-8095"]
2026-04-05 21:00:34 - Tomcat started on port 8095 (http) with context path '/'
2026-04-05 21:00:34 - Started PulsogymApplication in 15.055 seconds (process running for 17.949)
2026-04-05 21:00:38 - Initializing Spring DispatcherServlet 'dispatcherServlet'
2026-04-05 21:00:38 - Initializing Servlet 'dispatcherServlet'
2026-04-05 21:00:38 - Completed initialization in 4 ms
2026-04-05 21:06:00 - Application shutdown requested.
2026-04-05 21:06:00 - Commencing graceful shutdown. Waiting for active requests to complete
2026-04-05 21:06:00 - Pausing ProtocolHandler ["http-nio-8095"]
2026-04-05 21:06:06 - Graceful shutdown complete
2026-04-05 21:06:06 - Stopping ProtocolHandler ["http-nio-8095"]
2026-04-05 21:06:06 - Closing JPA EntityManagerFactory for persistence unit 'default'
2026-04-05 21:06:06 - HikariPool-1 - Shutdown initiated...
2026-04-05 21:06:06 - HikariPool-1 - Shutdown completed.
2026-04-05 21:06:12 - Starting PulsogymApplication using Java 17.0.12 with PID 15436 (C:\Users\gmand\OneDrive\Escritorio\PULSO(GYM)\pulsogym\ms-pulso\target\classes started by gmand in C:\Users\gmand\OneDrive\Escritorio\PULSO(GYM)\pulsogym\ms-pulso)
2026-04-05 21:06:12 - No active profile set, falling back to 1 default profile: "default"
2026-04-05 21:06:13 - Bootstrapping Spring Data JPA repositories in DEFAULT mode.
2026-04-05 21:06:13 - Finished Spring Data repository scanning in 96 ms. Found 5 JPA repository interfaces.
2026-04-05 21:06:14 - BeanFactory id=78ccfc56-7e80-364a-be74-35c684411274
2026-04-05 21:06:15 - Tomcat initialized with port 8095 (http)
2026-04-05 21:06:15 - Initializing ProtocolHandler ["http-nio-8095"]
2026-04-05 21:06:15 - Starting service [Tomcat]
2026-04-05 21:06:15 - Starting Servlet engine: [Apache Tomcat/10.1.42]
2026-04-05 21:06:15 - Initializing Spring embedded WebApplicationContext
2026-04-05 21:06:15 - Root WebApplicationContext: initialization completed in 2748 ms
2026-04-05 21:06:15 - HHH000204: Processing PersistenceUnitInfo [name: default]
2026-04-05 21:06:16 - HHH000412: Hibernate ORM core version 6.6.18.Final
2026-04-05 21:06:16 - HHH000026: Second-level cache disabled
2026-04-05 21:06:17 - No LoadTimeWeaver setup: ignoring JPA class transformer
2026-04-05 21:06:17 - HikariPool-1 - Starting...
2026-04-05 21:06:17 - HikariPool-1 - Added connection org.mariadb.jdbc.Connection@4a0c3aa8
2026-04-05 21:06:17 - HikariPool-1 - Start completed.
2026-04-05 21:06:17 - HHH90000025: MariaDBDialect does not need to be specified explicitly using 'hibernate.dialect' (remove the property setting and it will be selected by default)
2026-04-05 21:06:17 - HHH10001005: Database info:
	Database JDBC URL [Connecting through datasource 'HikariDataSource (HikariPool-1)']
	Database driver: undefined/unknown
	Database version: 11.5.2
	Autocommit mode: undefined/unknown
	Isolation level: undefined/unknown
	Minimum pool size: undefined/unknown
	Maximum pool size: undefined/unknown
2026-04-05 21:06:19 - HHH000489: No JTA platform available (set 'hibernate.transaction.jta.platform' to enable JTA platform integration)
2026-04-05 21:06:19 - Initialized JPA EntityManagerFactory for persistence unit 'default'
2026-04-05 21:06:19 - Hibernate is in classpath; If applicable, HQL parser will be used.
2026-04-05 21:06:21 - spring.jpa.open-in-view is enabled by default. Therefore, database queries may be performed during view rendering. Explicitly configure spring.jpa.open-in-view to disable this warning
2026-04-05 21:06:22 - Supporting [WS-Addressing August 2004, WS-Addressing 1.0]
2026-04-05 21:06:23 - Starting ProtocolHandler ["http-nio-8095"]
2026-04-05 21:06:23 - Tomcat started on port 8095 (http) with context path '/'
2026-04-05 21:06:24 - Started PulsogymApplication in 13.317 seconds (process running for 15.394)
2026-04-05 21:06:24 - Initializing Spring DispatcherServlet 'dispatcherServlet'
2026-04-05 21:06:24 - Initializing Servlet 'dispatcherServlet'
2026-04-05 21:06:24 - Completed initialization in 1 ms
2026-04-05 21:15:48 - HikariPool-1 - Thread starvation or clock leap detected (housekeeper delta=2m31s24ms804µs300ns).
